title,artist,album,release_date,genre,likes,lyrics
Supernova,aespa,Armageddon - The 1st Album,2024.05.13,댄스,"총건수
											0","I’m like some kind of SupernovaWatch outLook at me go재미 좀 볼빛의 CoreSo hot hot문이 열려서로의 존재를 느껴마치 Discord날 닮은 너 너 누구야(Drop)사건은 다가와 Ah Oh Ay거세게 커져가 Ah Oh AyThat tick that tick tick bombThat tick that tick tick bomb감히 건드리지 못할 걸(누구도 말이야)지금 내 안에선Su su su SupernovaNovaCan’t stop hyperstellar원초 그걸 찾아Bring the light of a dying star불러낸 내 우주를 봐 봐SupernovaAh Body bangMake it feel too right휩쓸린 에너지 It’s so special잔인한 Queen 이며 Scene 이자 종결이토록 거대한 내 안의 Explosion내 모든 세포 별로부터 만들어져(Under my control Ah)질문은 계속돼 Ah Oh Ay우린 어디서 왔나 Oh Ay느껴 내 안에선Su su su SupernovaNovaCan’t stop hyperstellar원초 그걸 찾아Bring the light of a dying star불러낸 내 우주를 봐 봐Supernova보이지 않는 힘으로네게 손 내밀어 볼까가능한 모든 가능성무한 속의 너를 만나It’s about to bang bangDon’t forget my nameSu su su Supernova사건은 다가와 Ah Oh Ay거세게 커져가 Ah Oh Ay질문은 계속돼 Ah Oh Ay우린 어디서 왔나 Oh Ay사건은 다가와 Ah Oh Ay거세게 커져가 Ah Oh AyTell me, tell me, tell me Oh Ay우린 어디서 왔나 Oh Ay우린 어디서 왔나 Oh AyNovaCan’t stop hyperstellar원초 그걸 찾아Bring the light of a dying star불러낸 내 우주를 봐 봐Supernova사건은 다가와 Ah Oh Ay(Nu star)거세게 커져가 Ah Oh Ay질문은 계속돼 Ah Oh Ay(Nova)우린 어디서 왔나 Oh Ay사건은 다가와 Ah Oh Ay거세게 커져가 Ah Oh Ay질문은 계속돼 Ah Oh Ay(Nova)Bring the light of a dying starSupernova"
How Sweet,NewJeans,How Sweet,2024.05.24,댄스,"총건수
											0","All I know is now알게 됐어 나 (I know)그동안 맨날Always up and down (No more)생각 또 생각Spinnin’ ‘round and ‘roundChanging my mind수상해서 그렇지 이런 헛소리 (No more)How it’s supposed to be그만해 cus it’s clear (It’s simple)It’s like biting an appleToxic loverYou’re no better, 거기 숨지 말고 얼른 나와You little demon in my storylineDon’t knock on my door, I’ll see you outAnd don’t you know how sweet it tastes(How sweet it tastes)Ya don’t you know how sweet it tastes(How sweet it tastes)Ya don’t you know how sweet it tastesNow that I’m without you나 더는 묻지 않을래(How sweet it tastes) 알려주지 않아도 돼(How sweet it tastes) Wow don’t you know how sweet it tastesNow that I’m without you모든 게 typicalSo I’ve been praying so hard for a miracle부르고 있어 나의 이름을더는 안 봐 drama it’s good karma Done scrolling thousand times다 알고 있어 뻔한 수작일 뿐이야완전 쉬운 공식이야 It’s like biting an appleAnd don’t you know how sweet it tastes(How sweet it tastes)Ya don’t you know how sweet it tastes(How sweet it tastes)Ya don’t you know how sweet it tastesNow that I’m without you나 더는 묻지 않을래(How sweet it tastes) 알려주지 않아도 돼(How sweet it tastes) Wow don’t you know how sweet it tastesNow that I’m without youI won’t wait, I’m feelingMy own way, I’m in itCause me and you are diﬀerentSo I won’t stay, I’m leavingI won’t wait, I’m feelingMy own way, I’m in itCause me and you are diﬀerentSo I won’t stay, I’m leavingAnd don’t you know how sweet it tastes(How sweet it tastes)Ya don’t you know how sweet it tastes(How sweet it tastes)Ya don’t you know how sweet it tastesNow that I’m without you나 더는 묻지 않을래(How sweet it tastes) 알려주지 않아도 돼(How sweet it tastes) Wow don’t you know how sweet it tastesNow that I’m without youToxic loverYou’re no better, 거기 숨지 말고 빨리 나와You little demon in my storylineDon’t knock on my door 너 얼른 나가버려Toxic loverYou’re no better, 거기 숨지 말고 얼른 나와You little demon in my storylineDon’t knock on my door, I’ll see you out"
클락션 (Klaxon),(여자)아이들,I SWAY,2024.07.08,댄스,"총건수
											0",좀 미친 소리 같지만 난 네게 반했어(어어우워 어어우워)자꾸 눈으로 욕 하지마 더 네게 빠졌어(어어우워 어어우워)영화보다 멋진 드라마틱 Romantic show나 처음 본 순간 완전 영원한 반쪽인걸또 못 본 척 못 들은 척 넘어가려 하지 어림없어차 떠나가라 소리칠 거야I love you baby야 나 좀 봐줘 Lady더 Hit the 클락션Hon hon hon hon hon honk또 Hit the 클락션Hon hon hon hon hon honkHey hop in sweetie boy우 우아우~ 우 우아우~우 우아우~Honk honk hit the 클락션우 우아우~ 우 우아우~우 우아우~Honk honk hit the 클락션오픈카 타고 드라이브는 어때?Wannabe by Spice Girls 틀고 Okay?야 딱 봐도 그 여자는 불건전해그만 힐끔대고 벨트나 매 옆에Pretty hot stuff hot stuff beautifulBut don’t worry I don’t want a boy toy잠깐 갓길에 멈춰 깜빡이도 안 켜고 덮쳐힙합보다 멋진 발라드틱 Romantic show너 처음 본 순간 완전 딱 천생연분인걸또 못 본 척 못 들은 척 넘어가려 하지 어림없어차 떠나가라 소리칠 거야I love you baby야 나 좀 봐줘 Lady더 Hit the 클락션Hon hon hon hon hon honk또 Hit the 클락션Hon hon hon hon hon honkHey hop in sweetie boyHey I love youI want to do an interviewAh yeah 난 너의완벽한 The true lover Hey I love youI want to do an interviewAh yeah 난 너의완벽한 The true loverI love you baby나 좀 봐줘 LadyHit the 클락션Hon hon hon hon hon honk또 Hit the 클락션Hon hon hon hon hon honkHey hop in sweetie boy우 우아우~ 우 우아우~우 우아우~Honk honk hit the 클락션우 우아우~ 우 우아우~우 우아우~Honk honk hit the 클락션
Sticky,KISS OF LIFE,Sticky,2024.07.01,댄스,"총건수
											0",How long before we fall in loveHow long before we fall in loveHere’s a ticketBaby wanna go out?푸른 Palm tree우릴 부르잖아Don’t be pickyYeah 누벼 이 Town 위를Feel like I’m hot stuffYou’re my rock starHear me now바람은 Sweet and saltyMargarita같이Here on out이 여름 위를 DrivingWon’t you navigate meHow long before we fall in love(널 마주친 순간 I fly high)How long before we fall in love(Let me know let me know)Oh 뛰어들어 둘만의 Ocean dive왠지 묘한 이 느낌 녹아내려Sticky sticky sticky stickyLove got so poppin’ flavor예상 못 한 New taste나른해 Summer fever 내리질 않네So hear me now달콤한 맘이 Drippin’Like gelato meltingHere on out심장에 남긴 Darlin’Won’t you navigate meHow long before we fall in love(널 마주친 순간 I fly high)How long before we fall in love(Let me know let me know)Oh 뛰어들어 둘만의 Ocean dive왠지 묘한 이 느낌 녹아내려Sticky sticky sticky sticky오늘 같은 날이 더 없대도I wanna keep on stayingKnow you’d make me fly away오렌지빛 물든 저 노을에 Kiss itSo say yeahSticky sticky sticky stickyAnd you’re the one who’s with itWith it with it with meYeah 느려져도 돼 Like slomo motionI’d take you to the new world so boy발 닿는 대로 가 There’s no way그리곤 내게로 와 Follow my leadLet’s get it yeahHow long before we fall in love(저 나비처럼 난 Go round round)How long before we fall in love(Let me know let me know)I like it 눈부신 여름빛지금 우린 Sticky sticky sticky sticky
Small girl (feat. 도경수(D.O.)),이영지,16 Fantasy,2024.06.21,랩/힙합,"총건수
											0","If I got a two small cheeksand a bright pink lipsBaby would you‘ve wanted to kiss me?만약 내가 작은 볼과 밝은 핑크색 입술을 가졌으면네가 나한테 키스하고 싶었을까?Maybe a thin ass waist With a Brown long hairBaby, Would you've wanted to hold me?또는 갈색 긴 머리에 얇은 허리를 가졌다면 네가 나를 껴안고 싶었을까?No, you never아니, 전혀No, I’m never gonna get them all나는 그 조건들을 전부 다 가질 수가 없어Yeah,that’s what makes me feel lonely그래 그게 나를 참 외롭게 만들어Oh it’s never글쎄, 전혀It can never ever happen to me나한텐 전혀 일어날 수가 없는 일들이야Cause I’m that girltall girle 나는 키가 큰 여자니까Boy, I got a small girl fantasy나는 작은 여자들에 대한 환상이 있어Baby, would you still love me?자기야, 그래도 날 사랑해 줄래?Though I got a big laugh, big voice& big personality비록 내가 큰 웃음소리, 큰 목소리, 크고 시끄러운 성격을 가졌대도Would you guarantee it?사랑해줄 수 있어?Know you got a small girl fantasy너도 작은 여자들에 대한 환상이 있다는 걸 알아Baby, would you still love me?자기야, 그래도 날 사랑해줄래?Though I got a big laugh, big voice& big personality비록 내가 큰 웃음소리, 큰 목소리, 크고 시끄러운 성격을 가졌대도Would you guarantee ?장담해 줄 수 있어?If I got a-If I got a-Would you guarantee ?장담할 수 있겠어?If I got a-If I got a-Would you guarantee ?장담할 수 있겠어?If I got a-If I got a-If I cared aboutAll Those thing that you careThen I’m not yours만약 내가 네가 신경쓰고 있는 것들전부를 신경쓰고 있었다면 난 네 것이 아니었을거야Yes, you’re wasting all your timeOn some stupid things 맞아, 넌 너무 바보같은 것들에 시간을 낭비하고 있어Baby Im already yours난 이미 네 것이잖아You keep asking me 넌 자꾸 물어봐Do I really suit you?Do I really look good?“내가 너랑 잘 어울리는 거 같아?”“내가 진짜 예뻐 보여?” Girl, I don’t understand you난 당최 이해를 할 수가 없어All you have to do isSmiling at me Like there’s no one to interrupt us넌 그냥 우릴 방해하는 사람이 아무도 없는 것처럼날 향해 환히 웃어주기만 하면 돼‘Cause that’s all I need from you그게 내가 너한테 바라는 전부야Make that fingers v수줍어 하지 말고가까이 더 붙어난 여기있어니가 뭘 원하던지간에난 항상 똑같아다른 조건은 애초에없었어Big eyes, big laughBig voice or big personality큰 눈, 큰 웃음소리큰 목소리나 성격Girl I don’t got no fantasy난 어떤 환상도 없어Theres’s no more other fantasy그리고 그 어떤 환상도 없을거야 If I got a two small cheeksAnd a bright pink lipsBaby would you‘ve wanted to kiss me?만약 내가 작은 볼과 밝은 핑크색 입술을 가졌으면네가 나한테 키스하고 싶었을까?Maybe a thin ass waist With a Brown long hairBaby, Would you've wanted to hold me?또는 갈색 긴 머리에 얇은 허리를 가졌다면 네가 나를 껴안고 싶었을까?No, you never아니, 전혀No, I’m never gonna get them all나는 그 조건들을 전부 다 가질 수가 없어Yeah,that’s what makes me feel lonely그래 그게 나를 참 외롭게 만들어Oh it’s never글쎄, 전혀It can never ever happen to me나한텐 전혀 일어날 수가 없는 일들이야Cause I’m that girltall girle 나는 키가 큰 여자니까Boy, I got a small girl fantasy나 작은 여자들에 대한 환상이 있어Baby, would you still love me?자기야, 그래도 날 사랑해 줄래?Though I got a big laugh, big voice& big personality비록 내가 큰 웃음소리, 큰 목소리, 크고 시끄러운 성격을 가졌대도Would you guarantee ?사랑해줄 수 있어?Know you got a small girl fantasy너도 작은 여자들에 대한 환상이 있다는 걸 알아Baby, would you still love me?자기야, 그래도 날 사랑해줄래?Though I got a big laugh, big voice& big personality비록 내가 큰 웃음소리, 큰 목소리, 크고 시끄러운 성격을 가졌대도Would you guarantee ?사랑해줄 수 있어?If I got a-If I got a-Would you guarantee ?장담할 수 있겠어?If I got a-If I got a-Would you guarantee ?장담할 수 있겠어?If I got a-If I got a-"
Supernatural,NewJeans,Supernatural,2024.06.21,J-POP,"총건수
											0",Stormy nightCloudy skyIn a moment you and IOne more chance너와 나 다시 한번 만나게서로에게 향하게My feeling’s getting deeper내 심박수를 믿어우리 인연은 깊어I gotta see the meaning of itI don’t know what we’ve done되돌아가긴 싫어もう知っているDon’t know what we’ve been sold見つけられるよSo it’s sureGolden moonDiamond starsIn a moment you and ISecond chanceしょうがないもう少し待って너와 내게 향하게My feeling’s getting deeper내 심박수를 믿어우리 인연은 깊어I gotta see the meaning of itI don’t know what we’ve done되돌아가긴 싫어もう知っているDon’t know what we’ve been sold見つけられるよSo it’s sureIt’s supernaturalIt’s supernatural거짓말 안 할래너도 말해Attention we should payTo what is coming throughWe had no ideaIt’s crystal clearLove is hereSitting next to you私とあなたGolden moonDiamond starsIn a moment we unite
소나기,이클립스 (ECLIPSE),선재 업고 튀어 OST Part 1,2024.04.08,"발라드, 국내드라마","총건수
											0",그치지 않기를 바랬죠처음 그대 내게로 오던 그날에잠시 동안 적시는그런 비가 아니길간절히 난 바래왔었죠그대도 내 맘 아나요매일 그대만 그려왔던 나를오늘도 내 맘에 스며들죠그대는 선물입니다 하늘이 내려준 홀로 선 세상 속에그댈 지켜줄게요어느 날 문득  소나기처럼 내린 그대지만 오늘도 불러 봅니다 내겐 소중한 사람Oh 떨어지는 빗물이어느새 날 깨우고그대 생각에 잠겨요이제는 내게로 와요언제나처럼 기다리고 있죠그대 손을 꼭 잡아줄게요그대는 선물입니다 하늘이 내려준 홀로 선 세상 속에그댈 지켜줄게요어느 날 문득  소나기처럼 내린 그대지만 오늘도 불러 봅니다 내겐 소중한 사람잊고 싶던 아픈 기억들도빗방울과 함께 흘려보내면 돼요때로는 지쳐도하늘이 흐려도내가 있다는 걸 잊지 말아요그대는 사랑입니다 하나뿐인 사랑 다시는 그대와 같은 사랑 없을 테니잊지 않아요내게 주었던작은 기억 하나도오늘도 새겨봅니다 내겐 선물인 그댈
고민중독,QWER,1st Mini Album 'MANITO',2024.04.01,록/메탈,"총건수
											0","One! Two! Q! W! E! R! 어떤 인사가 괜찮을까 천 번쯤 상상해 봤어근데 오늘도 천 번 하고 한 번 더 고민 중막상 네 앞에 서니 꽁꽁 얼어버렸다숨겨왔던 나의 맘 절반의 반도 주지를 못했어아, 아, 아직은준비가 안됐다구요소용돌이쳐 어지럽다구쏟아지는 맘을 멈출 수가 없을까?너의 작은 인사 한마디에 요란해져서네 맘의 비밀번호 눌러 열고 싶지만너를 고민고민해도 좋은 걸 어쩌니거울 앞에서 새벽까지 연습한 인사가손을 들고 웃는 얼굴을 하고서 고개를 숙였다아, 아, 아직도 준비가 안됐나 봐요소용돌이쳐 어지럽다구쏟아지는 맘을 멈출 수가 없을까?너의 작은 인사 한마디에 요란해져서네 맘의 비밀번호 눌러 열고 싶지만너를 고민고민해도 좋은 걸이러지도 저러지도 못하는데속이 왈칵 뒤집히고이쯤 왔으면 눈치 챙겨야지날 봐달라구요!좋아한다 너를 좋아한다 좋아해너를 많이 많이 좋아한단 말이야벅차오르다 못해 내 맘이 쿡쿡 아려와두 번은 말 못 해 너 지금 잘 들어봐매일 고민하고 연습했던 말좋아해"
한 페이지가 될 수 있게,DAY6 (데이식스),The Book of Us : Gravity,2019.07.15,록/메탈,"총건수
											0",솔직히 말할게많이 기다려 왔어너도 그랬을 거라 믿어오늘이 오길매일같이 달력을 보면서솔직히 나에게도지금 이 순간은꿈만 같아 너와 함께라오늘을 위해꽤 많은 걸 준비해 봤어All about you and I다른 건 다 제쳐 두고Now come with meTake my hand아름다운 청춘의 한 장함께 써내려 가자너와의 추억들로가득 채울래Come on아무 걱정도 하지는 마나에게 다 맡겨 봐지금 이 순간이다시 넘겨볼 수 있는한 페이지가 될 수 있게This is our pageOur page솔직히 말할게지금이 오기까지마냥 순탄하진 않았지오늘이 오길나도 목 빠져라 기다렸어솔직히 나보다도네가 몇 배는 더힘들었을 거라고 믿어오늘을 위해그저 견뎌줘서 고마워All about you and I다른 건 다 제쳐 두고Now come with meTake my hand아름다운 청춘의 한 장함께 써내려 가자너와의 추억들로가득 채울래Come on아무 걱정도 하지는 마나에게 다 맡겨 봐지금 이 순간이다시 넘겨볼 수 있는한 페이지가 될 수 있게Want you toCome on out and have funWant us toHave the time of our lifeOh너와의 추억들로가득 채울래Come on아무 걱정도 하지는 마나에게 다 맡겨 봐지금 이 순간이다시 넘겨볼 수 있는한 페이지가 될 수 있게This is our pageOur page
Bubble Gum,NewJeans,How Sweet,2024.05.24,댄스,"총건수
											0","You just got my heart pump pumpin’ Every time that you’re here around me 노랫 소리가 또 흘러나와 yeah오늘 오래 걸린 이유I’m always so excited to meet you 내 향기가 널 먼저 찾아가눈 감아도 기억나게어디라도 따라갈래You’re so delicate 거품 속에숨었네 uh uh uhOh you make my heart melt away You’re a softie 구름 같아 이건 말로 설명 못해You got me oh oh이미 우린저기 멀리높이 있는 풍선같이Have you right hereIn a basketOh my babySweet like bubble gum Bouncing like playing ball더 높이 올려줘We’re gonna ﬂy awaySweet like bubble yumSo smooth, soft like a hug더 멀리 날려줘Let’s go far awayYou’re my favorite flavor Bubble gum Bubble Bubble Bubble Bubble Bubble BubbleBubble Bubble Bubble Gum얘기 늘어놓아 줄줄Like I got nothing better to do 내 손바닥 안에 쏙 들어와 yeah나만 알고 싶은 비밀All I know is I need this feeling 내 윤기가 널 먼저 사로잡아 yeah눈 감아도 기억나게어디라도 따라갈래You’re so delicate 거품 속에숨었네 uh uh uhOh you make my heart melt away You’re a softie 구름 같아 이건 말로 설명 못해You got me oh ohSweet like bubble gum Bouncing like playing ball더 높이 올려줘We’re gonna ﬂy awaySweet like bubble yumSo smooth, soft like a hug더 멀리 날려줘Let’s go far away눈 감아도 기억나게어디라도 따라갈래You’re so delicate 거품 속에숨었네 uh uh uhOh you make my heart melt away You’re a softie 구름 같아이건 말로 설명 못해You got me oh oh이미 우린 저기 멀리 높이 있는 풍선같이Have you right hereIn a basketOh my babySweet like bubble gum이미 우린 저기 멀리 높이 있는 풍선같이Have you right hereIn a basketOh my babySweet like bubble gum"
나는 아픈 건 딱 질색이니까,(여자)아이들,2,2024.01.29,댄스,"총건수
											0",오늘도 아침엔 입에 빵을 물고똑같이 하루를 시작하고온종일 한 손엔 아이스 아메리카노피곤해 죽겠네지하철 속 이 장면 어제 꿈에서 봤나아참 매일이지 지나치고바쁜 이 삶에 그냥 흔한 날에그 애를 보고 말야평온했던 하늘이 무너지고어둡던 눈앞이 붉어지며뭔가 잊고 온 게 있는 것 같아괜히 이상하게 막 울 것만 같고그냥 지나치는 게 나을 것 같아나는 생각은 딱 질색이니까카페인으로 잡은 정신은 빠졌고하루 종일 신경 쓰여 토할 것 같아저녁이 돼도 배고픔까지 까먹고그치 이상하지 근데 말야 있잖아처음 본 순간 뭐라 할까 그립달까나도 웃긴데 말야평온했던 하늘이 무너지고어둡던 눈앞이 붉어지며뭔가 잊고 온 게 있는 것 같아괜히 이상하게 막 울 것만 같고그냥 지나치는 게 나을 것 같아나는 생각은 딱 질색이니까오랫동안 나를 아는슬픈 표정을 하고 Oh흔적 없는 기억 밖혹 과거에 미래에 딴 차원에 세계에1 2 3 4 5 6 7 8평온했던 하늘이 무너지고어둡던 눈앞이 붉어져도다시 놓쳐버리는 것만 같아괜히 이상하게 막 울 것만 같고그냥 지나치는 게 나을 것 같아나는 생각은 딱 질색이니까아냐 지나치는 게 나을 것 같아나는 아픈 건 딱 질색이니까
Armageddon,aespa,Armageddon - The 1st Album,2024.05.27,댄스,"총건수
											0","ArmageddonShootImma get ’emShootWatch UhImma bite back Uh짙은 어둠이막아설 땐 Uh한 걸음 앞으로날아든 It’s bad사라진 Feedback시작된 Code black Uh깊어가혼란스러운 밤악몽은 또 짙게 번져가뭔갈 숨기려고 해I got it, I got it혼돈을 타고덮쳐 Killing likeBang chitty bangBang chitty bang bang’Cause I wanna seeI wanna see trulyBang chitty bangBang chitty bang bang내게 다가와 다가와Imma get itDone(Aw wayo wayo)널 향해 겨눠 Get it, gone(Aw wayo wayo)이젠 널 끝내 Better run(끝을 모르는 너와 나 You gonna, gonna)깨트려 거침없이 Done(Go way up, way up)Full shot pull it up ArmageddonImma get ’emShootImma get ’emHey Ya또 다른 나우릴 막지 마We never play niceShoot완벽한 Pair넌 똑같은 SoulThree to get ready우린 Shoot and go겁 없이 누벼날 이끄는 WayBang chitty bangBang chitty bang bangYes I’m gonna seeI’m gonna see, want itBang chitty bangBang chitty bang bang답이 들려와 들려와Imma get itDone(Aw wayo wayo)널 향해 겨눠 Get it, gone(Aw wayo wayo)이젠 널 끝내 Better run(끝을 모르는 너와 나 You gonna, gonna)깨트려 거침없이 Done(Go way up, way up)Full shot pull it up ArmageddonImma get ’em또 어둠을 몰아내고시작을 꽃피운 너와 나의 Story더 완벽해진 우리(Armageddon)정의해 이젠나만의 Complete내 모든 걸 이끌어Do it all myself완전한 나를 이뤄내(Drop)Throw it back,throw it back,throw it backBorn like a queenBorn like a king YaThrow it back,throw it back,throw it back불러Imma get ’emDone(Aw wayo wayo)널 향해 겨눠 Get it, gone(Aw wayo wayo)이젠 널 끝내 Better run(끝을 모르는 너와 나You gonna, gonna)깨트려 거침없이 Done(Go way up, way up)Full shot pull it up ArmageddonArmageddon(Aw wayo wayo wayoWarning all night long)Armageddon(Aw wayo wayo)끝과 시작의Armageddon"
해야 (HEYA),IVE (아이브),IVE SWITCH,2024.04.29,댄스,"총건수
											0","Let’s get itLook at itPay attention얼어붙은 맘 어디 깨볼까? 놀라버렸던 네 심장 말이야 맘에 들었어 넌 그냥 Say yes 내가 널 부르면 “얼음 땡” (Da da da dun dun) 널 노리는 내 두 눈숨을 죽인 그다음한 발 낮춘 attitude때를 기다리는 pose 어둠 속 빛난 tiger eyes날 감춘 채로 다가가새빨간 말로 홀려 놔방심한 순간 claw 우린 더 높이하늘에 닿을 것처럼 외쳐 너를 깨워올려 봐 노려봐 넌 내 거니까 다자꾸 널 보면 탐이 탐이 나해야 해야 해야한입에 널 삼킬 때야(탐이 탐이 나)해야 해야 해야이미 내가 이긴 패야(널 보면 탐이 탐이 나)해야 해야 해야뜨겁게 떠오르는 해야별안간 홀린 그 순간 Bite단 한 번에 난 널 휘리휘리 Catch ya 더 높이 Keep it upUh huhHappily ever after? Nope!(Da da da dun dun)못 기다린대 못 돼버린 내 맘이겁 따윈 없는 척하지 마 너 감히멀어져 넌 가니어차피 한 입 거리 (Hey)옳지 착하지 더 이리이리 오렴 네 맘 나 주면 안 잡아먹지 Right now내 발톱 아래 뭘 숨겼을지 Watch out우린 더 높이하늘에 닿을 것처럼 외쳐 너를 깨워올려 봐 노려봐 넌 내 거니까 다자꾸 널 보면 탐이 탐이 나해야 해야 해야한입에 널 삼킬 때야(탐이 탐이 나)해야 해야 해야이미 내가 이긴 패야(널 보면 탐이 탐이 나)해야 해야 해야뜨겁게 떠오르는 해야별안간 홀린 그 순간 Bite단 한 번에 난 널 휘리휘리 Catch ya 휘리휘리 휘리휘리 휘리휘리 휘리휘리더 붉게 더 밝게타올라 뜨거워도 좋으니더 높게 더 높게숨어도 넌 내 손바닥 안이니깊은 어둠이 짙은 구름이또 긴 밤 아래 널 감출 테니Chew and swallow Get ready for it, baby(Listen when I say)자꾸 널 보면 탐이 탐이 나해야 해야 해야한입에 널 삼킬 때야(탐이 탐이 나)해야 해야 해야이미 내가 이긴 패야(널 보면 탐이 탐이 나)해야 해야 해야뜨겁게 떠오르는 해야별안간 홀린 그 순간 BiteDa da da dun dun dun"
Magnetic,아일릿(ILLIT),SUPER REAL ME,2024.03.25,댄스,"총건수
											0",BabyI’m just trying to play it coolBut I just can’t hide thatI want youWait a minute 이게 뭐지?내 심장이 lub-dub자꾸만 뛰어저 멀리서도 oh my gosh!끌어당겨 you’re my crush!초능력처럼거대한 자석이 된 것만 같아 my heart네 모든 게 내 맘에 달라붙어버려 boyWe’re magnetized 인정할게This time I wantYou You You You like it’s magneticU U U U U U U U super 이끌림You You You You like it’s magneticU U U U U U U U super 이끌림BAE BAE BAE BAE BAE BAE BAE BAE BAE Dash-da-da Dash-da-da Dash-da Like it’s magneticBAE BAE BAE BAE BAE BAE BAE BAE BAE Dash-da-da Dash-da-daBaby don’t say no정반대 같아 our type 넌 J 난 완전 P S와 N 극이지만 그래서 끌리지 내가 만들래 green light여잔 배짱이지 So let’s go let’s goLet’s go let’s go 숨기고 싶지 않아 자석 같은 my heart 내 맘의 끌림대로 너를 향해 갈게 boy We’re magnetized 인정할게This time I wantYou You You You like it’s magneticU U U U U U U U super 이끌림You You You You like it’s magneticU U U U U U U U super 이끌림No push and pull  전속력으로 너에게 갈게(In a rush in a rush) Our chemistry  난 과몰입해 지금 순간에(Baby you’re my crush you’re my crush)No push and pull 네게 집중 후회는 안 할래  (Gonna dash gonna dash)Never holding back직진해 yeah  This time I wantYou You You You like it’s magnetic U U U U U U U U super 이끌림You You You You like it’s magneticU U U U U U U U super 이끌림BAE BAE BAE BAE BAE BAE BAE BAE BAE Dash-da-da Dash-da-da Dash-da Like it’s magneticBAE BAE BAE BAE BAE BAE BAE BAE BAE Dash-da-da Dash-da-daBaby don’t say no
첫 만남은 계획대로 되지 않아,TWS (투어스),TWS 1st Mini Album ‘Sparkling Blue’,2024.01.22,댄스,"총건수
											0","Ay ay ay ay ay거울 속에 내 표정 봐 봐느낌 So good 기다려온 D-day연습했던 손든 인사도 그대로 하면 돼Hairstyle check하고 한 번 Turn around발걸음은 매일 걷던 그 길로계획은 완벽빨리 말 걸어보고 싶어, HeyWoo 문 앞에서 셋을 세어본다, Yeh(셋, 둘, 하나)첫 만남은 너무 어려워계획대로 되는 게 없어서첫 만남은 너무 어려워내 이름은 말야Hey,안녕, 첫 마디를 건넬 때주변 소린 Canceled네 말소리는 PlaylistYeh,질문은 나의 용기, 알려줘 너의“이름이 뭐야?”너와 내 거리는 세 걸음 남았어, Yeh(셋, 둘, 하나)첫 만남은 너무 어려워계획대로 되는 게 없어서첫 만남은 너무 어려워내 이름은 말야이 순간, Feels so wonderful조금은 뚝딱거려도어색한 인사까지도너와 나의 첫 만남우리의 사이 Beautiful내일도 내일모레도기억해, 영원히 반짝일 순간Wait wait!Na na na-이렇게 만나서 반가워내일 또 봐 안녕"
Welcome to the Show,DAY6 (데이식스),Fourever,2024.03.18,록/메탈,"총건수
											0",이젠 혼자가 아닐 무대너무나 감격스러워끝없는 가능성 중에날 골라줘서 고마워나와 맞이하는 미래가위태로울지도 몰라하지만 눈물 가득한감동이 있을지도 몰라그래도내 손놓지 않겠다면If soThen let's go Welcome to the showOh이것만큼은 맹세할게내 전부를 다 바칠게네 눈빛 흔들리지 않게널 바라보며 서 있을게알아 너의 결정이 쉽지 않았을 거야후회 없게 하는 건 이제 나의 몫이야끝까지같이함께 가겠다면If soThen let's goWelcome to the showOh이것만큼은 맹세할게내 전부를 다 바칠게네 눈빛 흔들리지 않게널 바라보며 서 있을게막이 내릴 그날에도그때도 네 손 꼭 잡은 채너라서 행복했다고서로가 말할 수 있도록 이것만큼은 맹세할게내 전부를 다 바칠게네 눈빛 흔들리지 않게널 바라보며 서 있을게OhOh
SPOT! (feat. JENNIE),지코 (ZICO),SPOT!,2024.04.26,랩/힙합,"총건수
											0","Everything ok my manTurn the music upUhm we’re not going home tonight, alright네 계획에 없던 partyUp and down round and roundHit the spot spot spot spot엎치락뒤치락 정신을 왜 차려 왜Hey girl where you at데리러 갈게 send me the addressNo dress code 대충 걸치면 돼우린 꾸밈없고, 나머진 억텐 yeah농익은 분위기 it’s too sticky마구 부대껴 어머! 정전기 찌릿여긴 내 동생 저기는 내 homie순둥이지만 음악 틀면 눈 돌지Chillin’ out, we yellin’ out, one more찐친 바이브 위아래 안 따져부끄런 I 피식 E를 드러내포위됐어 넌 now hands in the airUhm we’re not going home tonight, alright네 계획에 없던 partyUp and down round and roundHit the spot spot spot spot엎치락뒤치락 정신을 왜 차려 왜Up and down round and roundEverybody hit the spotUp and down round and roundEverybody hit the topUp and down round and roundEverybody make it loud (Make it loud)Up and down round and roundAin’t nobody hold us down어깨 툭툭 he say “Yo JENNIE,Told you that 도망치면 배신”Yeah, I know I know일단 더우니까 바람 쐬러 나가Bae 나갈 때 뒤로 딱 붙어땀 뺐으니까 후딱 아이스크림 go들키면 피곤해져 put your mask on한바퀴 돌고 퀵하게 조인해우리 프로젝트 타이틀 명은 J ZWe gon’ run this town, that’s crazy짱박아 놨던 네 똘끼를 꺼내해방됐어 넌 now hands in the airUhm we’re not going home tonight, alright네 계획에 없던 partyUp and down round and roundHit the spot spot spot spot엎치락뒤치락 정신을 왜 차려 왜Up and down round and roundEverybody hit the spotUp and down round and roundEverybody hit the topUp and down round and roundEverybody make it loudUp and down round and roundEverybody StopWait a minute ahhhCome vibe with usRide with us"
예뻤어,DAY6 (데이식스),Every DAY6 February,2017.02.06,록/메탈,"총건수
											0",지금 이 말이우리가 다시시작하자는 건 아냐그저 너의남아있던 기억들이떠올랐을 뿐이야정말 하루도 빠짐없이 너는사랑한다 말해줬었지잠들기 전에 또 눈 뜨자마자 말해주던 너생각이 나 말해보는 거야예뻤어날 바라봐 주던 그 눈빛날 불러주던 그 목소리다 다그 모든 게 내겐예뻤어더 바랄게 없는듯한 느낌오직 너만이 주던 순간들다 다지났지만넌 너무 예뻤어너도 이제는나와의 기억이추억이 되었을 거야너에게는어떤 말을 해도 다지나간 일일 거야정말 한번도 빠짐없이 너는나를 먼저 생각해줬어 아무 일 아니어도 미안해 고마워 해주던 너생각이 나 말해보는 거야예뻤어날 바라봐 주던 그 눈빛날 불러주던 그 목소리다 다그 모든 게 내겐예뻤어더 바랄게 없는듯한 느낌오직 너만이 주던 순간들다 다지났지만넌 너무 예뻤어아직도 가끔 네 생각이 나어렵게 전화를 걸어볼까생각이 들 때도 많지만Baby I know it's already over아무리 원해도 너는 이제이미 끝나버린 지난날의한편의 영화였었단 걸난 알아마지막날 바라봐 주던 그 눈빛잘 지내라던 그 목소리다 다그마저도 내겐예뻤어내게 보여준 눈물까지너와 가졌던 순간들은다 다지났지만넌 너무 예뻤어
사랑은 늘 도망가,임영웅,신사와 아가씨 OST Part.2,2021.10.11,"발라드, 국내드라마","총건수
											0",눈물이 난다 이 길을 걸으면그 사람 손길이 자꾸 생각이 난다붙잡지 못하고 가슴만 떨었지내 아름답던 사람아사랑이란 게 참 쓰린 거더라잡으려 할수록 더 멀어지더라이별이란 게 참 쉬운 거더라내 잊지 못할 사람아사랑아 왜 도망가수줍은 아이처럼행여 놓아버릴까 봐꼭 움켜쥐지만그리움이 쫓아 사랑은 늘 도망가잠시 쉬어가면 좋을 텐데바람이 분다 옷깃을 세워도차가운 이별의 눈물이 차올라잊지 못해서 가슴에 사무친내 소중했던 사람아사랑아 왜 도망가수줍은 아이처럼행여 놓아버릴까 봐꼭 움켜쥐지만그리움이 쫓아 사랑은 늘 도망가잠시 쉬어가면 좋을 텐데기다림도 애태움도 다 버려야 하는데무얼 찾아 이 길을 서성일까무얼 찾아 여기 있나사랑아 왜 도망가수줍은 아이처럼행여 놓아버릴까 봐꼭 움켜쥐지만그리움이 쫓아 사랑은 늘 도망가잠시 쉬어가면 좋을 텐데잠시 쉬어가면 좋을 텐데
천상연,이창섭,천상연 (웹툰 '선녀외전' X 이창섭 (LEE CHANGSUB)),2024.02.21,발라드,"총건수
											0",아니길 바랬었어꿈이길 기도했지너 없는 가슴으로 살아가야 하는 건내게는 너무 힘겨운걸그렇게 사랑했던너무도 소중했던지난날이 서러워 자꾸 눈물이 흘러내 삶은 너뿐인데사랑해 널 잊을 순 없을 거야미안해 너를 지키지 못한 것을너의 행복한 모습 나 보기를 원해부디 새롭게 시작하길 바래하늘이 우리를 갈라 놓지만눈물로 너를 보내려고 하지만너를 얼마나 내가 사랑했는 줄 아니영원히 너를 지켜보며 살 거야행복하길 바래그렇게 사랑했던너무도 소중했던지난날이 서러워 자꾸 눈물이 흘러내 삶은 너뿐인데사랑해 널 잊을 순 없을 거야미안해 너를 지키지 못한 것을너의 행복한 모습 나 보기를 원해부디 새롭게 시작하길 바래하늘이 우리를 갈라 놓지만눈물로 너를 보내려고 하지만너를 얼마나 내가 사랑했는 줄 아니영원히 너를 지켜보며 살 거야행복하길 바래널 사랑해미안해 너를 지키지 못한 것을너의 행복한 모습 나 보기를 원해부디 새롭게 시작하길 바래행복하길 바래
온기,임영웅,온기,2024.05.06,발라드,"총건수
											0","아무도 모를 거야 말한 적 없을 테니아이처럼 울고 싶은 순간들어른이란 말은 참 그댈 힘들게 하죠더 외롭게 만들어힘겨운 걸음으로 먼 길을 걸었는데가고 싶은 곳은 어디였는지어둡고 깊은 곳에 웅크려 앉은 그댈난 떠나지 않겠어요아무리 먼 길을 떠났어도아무리 긴 시간이 흘러도이 길 끝에 떠오르는 태양을 만날 때까지난 곁에 있겠어요힘겨운 걸음으로 먼 길을 걸었는데가고 싶은 곳은 어디였는지세상이 지독하게 그댈 혼자 둘 때엔단 하나만 기억해요아무리 먼 길을 떠났어도아무리 긴 시간이 흘러도이 길 끝에 떠오르는 태양을 만날 때까지난 곁에 있어요(I will be with you) 혼자인 것 같아(I can be your only one) 그 어둠 속에 단 한 번의 용기, 단 한 사람의 온기(Wanna be Warm) 그 작은 시작이 돼 줄 수 있어(in your life)                    또다시 먼 길을 떠나도한 번 더 긴 시간이 가도이 길 끝에 떠오르는 태양을 만날 때까지난 곁에 있겠어요나 곁에 있어요"
Hype Boy,NewJeans,NewJeans 1st EP 'New Jeans',2022.08.01,댄스,"총건수
											0","(1,2,3,4)Baby, got me looking so crazy빠져버리는 daydreamGot me feeling you너도 말해줄래누가 내게 뭐라든남들과는 달라 넌Maybe you could be the one날 믿어봐 한번I’m not looking for just funMaybe I could be the oneOh baby예민하대 나 lately너 없이는 매일 매일이 yeah재미없어 어쩌지I just want youCall my phone right nowI just wanna hear you’re mine‘Cause I know what you like boyYou’re my chemical hype boy내 지난날들은눈 뜨면 잊는 꿈Hype boy 너만 원해Hype boy 내가 전해And we can go high말해봐 yeah느껴봐 mm mmTake him to the skyYou know I hype you boy눈을 감아말해봐 yeah느껴봐 mm mmTake him to the skyYou know I hype you boy잠에 들려고 잠에 들려 해도네 생각에 또 새벽 세 시 uh-oh알려줄 거야 they can’t have you no more봐봐 여기 내 이름 써있다고누가 내게 뭐라든남들과는 달라 넌Maybe you could be the one날 믿어봐 한번I’m not looking for just funMaybe I could be the oneOh baby예민하대 나 lately너 없이는 매일 매일이 yeah재미없어 어쩌지I just want youCall my phone right nowI just wanna hear you’re mine‘Cause I know what you like boyYou’re my chemical hype boy내 지난날들은눈 뜨면 잊는 꿈Hype boy 너만 원해Hype boy 내가 전해And we can go high말해봐 yeah느껴봐 mm mmTake him to the skyYou know I hype you boy눈을 감아말해봐 yeah느껴봐 mm mmTake him to the skyYou know I hype you boy"
에피소드,이무진,에피소드,2023.12.13,록/메탈,"총건수
											0",나는 말야버릇이 하나있어 그건 매일 잠에 들 시간마다잘 모아둔 기억 조각들 중잡히는 걸 집은 후혼자 조용히 꼬꼬무이걸 난궁상이란이름으로 지었어 고민 고민하다가아무튼 뭐 오늘은 하필이면너가 스쳐버려서우리였을 때로우리 정말 좋았던 그때로우리의 에피소드가찬란하게 막을 연다배경은 너의 집 앞첫 데이트가 끝난둘만의 에피소드가참 예쁜 얘기로 시작자작자작 조심스런 대화그새 늦은 시간굿바이좋은 뜻일 뿐인 굿바이With a happy smile이게 이 스토리의 서막눈 내리던 그 밤겨울 향이 배어서더 눈부신우리의 에피소드다매일이 마지막인 듯이함께라면 어디든지사랑이란 걸 끝도 없이주고받고 나눴어 그치?서로만 있음 마음이시릴 날이 없던 우리넌 오아시스 내겐 마치근데 있잖아별 소용없다?생각만 해도 행복한 순간들은 말야모른 척해도 결국엔 이건끝을 봤던 에피소드점점 점점 점점우리의 에피소드가결말에 가까워져가곧 새드 엔딩이다크레딧엔 너와 나둘만의 에피소드가참 쓸쓸한 끝을 맞아두 주인공의 서글픈 마지막결국 건넨 인사굿바이너무 아픈 이별의 굿바이눈물이 뺨을 스쳐도착한 입가엔 미소애써 웃고 있어우린 서로를 보며첨 같던 미소로 안녕웃으며 안녕눈 뜨면 에필로그다침대에 기대어 혼자펑펑 울고 있는 나이 궁상 밖의 난둘만의 에피소드완전혀 다른 모습 난 그날돌아서지 말았어야 했다널 안았어야 했다그 밤눈꽃이 널 덮은 그 밤의향을 잊음과함께 잃었던 따스함춥게 눈을 뜬다겨울밤이 되어서맞이한 향이우리의 에피소드다
Boom Boom Bass,RIIZE,RIIZING - The 1st Mini Album,2024.06.17,댄스,"총건수
											0",My baby like to string me on좀 더 내게 다가와네게 맞춰 온 My bass살짝 너의 맘을 Slide그냥 놓치긴 아쉬워 난넌 어떻게 생각해자 Follow me now이 리듬이 다시 Make me spinWe makin’ musicEvery day we play가볍게 Groovin’느낀 대로 해Don’t stop the musicHands up on my bass지금부터 Lower lower lowerWe want thatBoom ba doomboom boom bassThat boom ba doomboom boom bassWe got thatboom ba doom on my bass우린 좀 더 Lower lower lowerWe want that박자에 맞춰Up down 줄을 감싸밀고 당겨Doom slap let’s countdown음은 자꾸만 Flat괜찮아 뭐 어때우리 사이Keep going make a bassline너도 왠지 템포가 빨라따라와 둘만의 TimelineHands in the sky yeahyou know what I likeWe makin’ musicEvery day we play가볍게 Groovin’느낀 대로 해Don’t stop the musicHands up on my bass지금부터 Lower lower lowerWe want thatBoom ba doomboom boom bassThat boom ba doomboom boom bassWe got thatboom ba doom on my bass우린 좀 더 Lower lower lowerWe want thatWe makin’ musicEvery day we play가볍게 Groovin’느낀 대로 해Don’t stop the musicHands up on my bass지금부터 Lower lower lowerWe want thatAye alright나의 손을 잡고 떠올라Aye alright너와 내가 자꾸 떠올라Aye alright우린 계속 같이 떠올라지금부터 Lower lower lowerWe want thatBoom ba doomboom boom bass
우리들의 블루스,임영웅,IM HERO,2022.05.02,발라드,"총건수
											0",잊지는 말아요 함께 했던 날들눈물이 날 때면그대 뒤를 돌아보면 돼요아프지 말아요 쓸쓸한 마음에힘든 일이 참 많았죠 그대에겐내가 곁에 있을게요그댈 위해 노래할게요잊지 말아요그댈 위해 약속할게요언젠가 우리 시간 지나면알게 되겠죠그땐 웃을 수 있죠 나 약속할게요그땐 미소 짓겠죠작은 행복까지 모두외롭고 지칠 때 손잡아 줄게요슬픔이 짙어질 때면 위로해 줄그 한 사람이 될게요그대 부디 울지 말아요슬퍼 말아요그대에게 빛이 될게요언젠가 우리 시간 지나면알게 되겠죠그땐 웃을 수 있죠 나 약속할게요폭풍 속에 혼자 남아 헤매도 오길이 되어 지킬게요 그대그댈 위해 노래할게요잊지 말아요그댈 위해 약속할게요어두운 길을 밝게 비추는그대의 빛이 될게요
미안해 미워해 사랑해,Crush,눈물의 여왕 OST Part.4,2024.03.24,"발라드, 국내드라마","총건수
											0",It's the same day이렇게 너를다시 불러보는 잊고 있던 마음들과이제야 내미는나의 미련한 진심들늦어서 미안해I wish I could  have told you thatI was born to love youTo love you with all my heart널 향한 심장이 멈춰지지가 않아Still want you all the time아직 내 마음속 한켠의 방에그리움으로 가득 채워너를 기다려Need you all the time아무 말도 전하지 못해시간속을 헤메이는나를 미워해It’s the same night흐릿한 어느 밤 안개 속에 너를불러보곤 해 난 또시간 저편에 빛나던기억을 떠올려두 손 꼭 잡았던I wish I could have told you thatI was made to love youTo love you with all my heart망설이다 혼자 삼켰던 말 사랑해Still want you all the time아직 내 마음속 한켠의 방에그리움으로 가득 채워너를 기다려Need you all the time미친 듯이 네게 달려가두 팔 가득 너를 품고And I want you to know you’re the only reason that I still breathe that I still liveAnd to tell you사랑했던 나의 진심이사랑받던 모든 기억이 내 모든 이유 유일한 이유Hmmm
Home,임영웅,온기,2024.05.06,댄스,"총건수
											0",쓸쓸한 거리에외로움이 더 쌓이고사람도 이 밤도사랑 찾아 헤매이네그대 마음이 허전하다면밤 하늘의 별을 보며 날 떠올려요난 곁에 있어그댄 나의 친구야비 오는 날 우산이 되어줘해가 뜨는 날에는 널 지켜줄게When I Go! Shining StarAnd I Go! Don't stop baby평생 너와 함께 하리라 쓸쓸한 거리에외로움이 더 쌓이고사람도 이 밤도사랑 찾아 헤매이네그대 마음이 지쳐있다면단 하루도 울지 말고 날 떠올려요난 곁에 있어그댄 나의 친구야비 오는 날 우산이 되어줘해가 뜨는 날에는 널 지켜줄게When I Go! Shining StarAnd I Go! Don't stop baby평생 너와 함께 하리라When you feel so aloneRemember that I’m with you너와 함께라면 어디든 내가 갈게어디든 다 갈게그댄 나의 친구야비 오는 날 우산이 되어줘해가 뜨는 날에는 널 지켜줄게When I Go! Shining starAnd I Go! Don't stop baby평생 너와 함께 하리라
모래 알갱이,임영웅,모래 알갱이,2023.06.05,발라드,"총건수
											0",나는 작은 바람에도 흩어질 나는 가벼운 모래 알갱이 그대 이 모래에 작은 발걸음을 내어요 깊게 패이지 않을 만큼 가볍게 나는 작은 바람에도 흩어질 나는 가벼운 모래 알갱이 그대 이 모래에 작은 발자국을 내어요 깊게 패이지 않을 만큼 가볍게 그대 바람이 불거든 그 바람에 실려 홀연히 따라 걸어가요 그대 파도가 치거든 저 파도에 홀연히 흘러가리 그래요 그대여 내 맘에 언제라도 그런 발자국을 내어줘요 그렇게 편한 숨을 쉬듯이 언제든 내 곁에 쉬어가요 그대 바람이 불거든 그 바람에 실려 홀연히 따라 걸어가요 그대 파도가 치거든 저 파도에 홀연히 흘러가리 그래요 그대여 내 맘에 언제라도 그런 발자국을 내어줘요 그렇게 편한 숨을 쉬듯이 언제든 내 곁에 쉬어가요 언제든 내 맘에 쉬어가요
Seven (feat. Latto) - Clean Ver.,정국,Seven (feat. Latto) - Clean Ver.,2023.07.14,댄스,"총건수
											0","Weight of the world on your shouldersI kiss your waist and ease your mindI must be favored to know yaI take my hands and trace your linesIt’s the way that we can rideIt’s the way that we can rideThink I met you in another lifeSo break me off another timeYou wrap around meand you give me lifeAnd that’s why night after nightI’ll be lovin’ you rightMonday Tuesday WednesdayThursday Friday Saturday SundayMonday Tuesday WednesdayThursday FridaySeven days a weekEvery hour every minute every secondYou know night after nightI’ll be lovin’ you rightSeven days a weekYou love when I jump right inAll of me I’m offeringShow you what devotion isDeeper than the ocean isWind it back I’ll take it slowLeave you with that afterglowShow you what devotion isDeeper than the ocean isIt’s the way that we can rideIt’s the way that we can rideThink I met you in another lifeSo break me off another timeYou wrap around meand you give me lifeAnd that’s why night after nightI’ll be lovin’ you rightMonday Tuesday WednesdayThursday Friday Saturday SundayMonday Tuesday WednesdayThursday FridaySeven days a weekEvery hour every minute every secondYou know night after nightI’ll be lovin’ you rightSeven days a weekMonday Tuesday WednesdayThursday Friday Saturday SundayMonday Tuesday WednesdayThursday FridaySeven days a weekEvery hour every minute every secondYou know night after nightI’ll be lovin’ you rightSeven days a weekTightly take controlTightly take his soul Take your phoneand put it in the camera roll Leave them clothes at the doorWhat you waiting for,better come and hit ya goals He jump in it both feetGoing to the sun-up,we ain’t getting no sleep Seven days a week,seven different sheets, seven different angles I can be your fantasy  Open up say ahhh Come here babylet me swallow your pride What you on I can match your vibe Hit me up and I’mma Cha Cha SlideYou make Mondays feel like weekends I make him never think about cheatin’Got you skipping work and meetings,let’s sleep in Seven days a weekMonday Tuesday WednesdayThursday Friday Saturday SundayMonday Tuesday WednesdayThursday FridaySeven days a weekEvery hour every minute every secondYou know night after nightI’ll be lovin’ you rightSeven days a weekMonday Tuesday WednesdayThursday Friday Saturday SundayMonday Tuesday WednesdayThursday FridaySeven days a weekEvery hour every minute every secondYou know night after nightI’ll be lovin’ you rightSeven days a week"
다시 만날 수 있을까,임영웅,IM HERO,2022.05.02,발라드,"총건수
											0",너를 위해 해 줄 것이 하나 없어서보낼 수밖에 없었고네가 없이 사는 법을 알지 못해서순간순간을 울었다후회로 가득한 한숨 자락이시린 바람처럼가슴 치는 날 그 언젠가우리 만날 수 있을까다시 만날 수 있을까그리 좋던 예전처럼 그때처럼되돌아갈 수 있을까다시 우리가 만나면무엇을 해야만 할까서로를 품에 안고서하염없이 눈물만 흘려볼까붙잡을 마음이야 없었겠냐마는그때 난 부끄러웠다떳떳하게 일어나 널 다시 찾아갈뜨거운 꿈만 꾸었다둘이 함께 했던 순간순간이시린 폭포처럼쏟아지는 날 그 언젠가우리 만날 수 있을까다시 만날 수 있을까그리 좋던 예전처럼 그때처럼되돌아갈 수 있을까다시 우리가 만나면무엇을 해야만 할까서로를 품에 안고서하염없이 눈물만 흘려볼까그리운 마음이 서럽게 흘러넘쳐너에게 닿을 때우리 만날 수 있을까다시 만날 수 있을까그리 좋던 예전처럼 그때처럼되돌아갈 수 있을까다시 우리가 만나면무엇을 해야만 할까서로를 품에 안고서하염없이 눈물만 흘려볼까
Love wins all,아이유,The Winning,2024.01.24,발라드,"총건수
											0","Dearest, Darling, My universe날 데려가 줄래?나의 이 가난한 상상력으론떠올릴 수 없는 곳으로저기 멀리 from Earth to Mars꼭 같이 가줄래?그곳이 어디든, 오랜 외로움그 반대말을 찾아서 어떤 실수로 이토록 우리는 함께일까세상에게서 도망쳐 Run on나와 저 끝까지 가줘 My lover나쁜 결말일까 길 잃은 우리 둘 um부서지도록 나를 꼭 안아더 사랑히 내게 입 맞춰 LoverLove is all Love is allLove Love Love Love결국, 그럼에도,어째서 우리는서로일까세상에게서 도망쳐 Run on나와 저 끝까지 가줘 My lover나쁜 결말일까 길 잃은 우리 둘 um찬찬히 너를 두 눈에 담아한 번 더 편안히 웃어주렴유영하듯 떠오른그날 그 밤처럼,나와 함께 겁 없이저물어줄래? 산산히 나를 더 망쳐 Ruiner너와 슬퍼지고 싶어 My lover필연에게서 도망쳐 Run on나와 저 끝까지 가줘 My lover일부러 나란히 길 잃은 우리 두 사람부서지도록 나를 꼭 안아더 사랑히 내게 입 맞춰 LoverOur Love wins all Love wins allLove Love Love Love"
슬픈 초대장,순순희(지환),슬픈 초대장,2023.12.19,"발라드, 인디음악","총건수
											0",내 야윈 손위로 온 초대장 위에널 데려간다는 그와 네 이름오래전 헤어지던 날자꾸 내 눈앞에 스쳐혼자서도 난 서글픈데수화기 너머로 젖은 네 목소리그때 왜 날 보내줬냐고첨부터 널 사랑했다면마지막까지 붙잡아야 했다고그 많은 사연들 다 버려둔 채로날 떠난 너였잖아지금 그를 사랑한다면서왜 이제 와서 또 바보처럼 흔들려누굴 위해 돌아봐아픈 가슴 추억으로 달래며네 행복을 믿었는데차라리 날 다 지워버려넌 그를 택한 세상에 후회하지 않도록 남들처럼 나도 멀리서 나마축하하고 싶으니다 기억할 만큼 모질지 못한 너날 두 번 울리잖아되돌리긴 너무 늦었는데왜 이제 와서 또 바보처럼 흔들려누굴 위해 돌아봐아픈 가슴 추억으로 달래며네 행복을 믿었는데차라리 날 다 지워버려넌 그를 택한 세상에 후회하지 않도록남들처럼 나도 멀리서 나마축하하고 싶으니부디 가서 영원해 줘
Do or Die,임영웅,Do or Die,2023.10.09,댄스,"총건수
											0","함성이 번져 숨이 차올라이 밤의 주인공 쏟아진 Spotlight멈추지 마라 힘껏 외쳐봐우리 오늘 후회 없도록더 두려울 것이 없어 타오르는 너의 heart beat모두가 함께 미쳐 하늘로 높이 뛰어열정을 채워줄게 날 따라 함께하게Let’s Go, Go Baby나만 믿고 따라와 따라와너를 위해 난 노래할 거야심장소리 난리 나 난리 나Put your hands up in the airJust raise your hands미쳐 이 순간Tonight It's Do or DieTonight It's Do or Die세상을 뒤흔들어 봐  뛰어봐Move your body like It's Do or DieWoahWoahLike It's Do or DieWoahWoahLike It's Do or Die나사 하나 빠진 것처럼 막향기에 취해버린 것처럼 now오직 너만의 영웅이 되어모든 걱정을 다 막아줄게오늘 밤 우린 Party Time분위기를 전부 휘어잡아맘이 시키는 그대로 춤춰나만 믿고 따라와 따라와너를 위해 난 노래할 거야심장소리 난리 나 난리 나Put your hands up in the air[Hook]Just raise your hands미쳐 이 순간Tonight It's Do or DieTonight It's Do or Die세상을 뒤흔들어 봐  뛰어봐Move your body like It's Do or DieWoahWoahLike It's Do or DieWoahWoahLike It's Do or Die가슴 벅찬 이 순간 (Right Now)Let's turn upLet's get loud기억해 오늘 너와 나 (You and I)Let's get loudJust raise your hands미쳐 이 순간Tonight Let’s Do or DieTonight Let’s Do or Die세상을 뒤흔들어 봐  뛰어봐Move your body like It's do or dieWoahWoahLike It's Do or DieWoahWoah"
내가 S면 넌 나의 N이 되어줘,TWS (투어스),TWS 2nd Mini Album ‘SUMMER BEAT!’,2024.06.24,댄스,"총건수
											0","내가 S면 넌 나의 N이 되어줘어떤 순간에도 너를 찾을 수 있게반대가 끌리는 천만번째 이유를내일의 우리는 알지도 몰라오늘따라 왠지 말이 꼬여성을 빼고 부르는 건 아직 어색해 (지훈아..!)너와 나 우리 모여보니까같은 색 더듬이가 자라나창문 너머의 춤을 따라 추고 싶어좋아하는 걸 함께 좋아하고 싶어왼쪽으로 Slide 한번 Poppin'몸이 붕 뜨는 이 기분 Whoo!‘우리’라는 말에 자석이 있는 걸까내 맘이 자꾸 너에게 가려고 해내가 S면 넌 나의 N이 되어줘어떤 순간에도 너를 찾을 수 있게반대가 끌리는 천만번째 이유를내일의 우리는 알지도 몰라느낌이 와 Right now 10m 위에 너 있나?날 당겨 (Whoa- Whoa-)눈인사로 Say Hello나도 모르게 너의 앞에서손을 내밀어버린 거야둥그렇게 앉아서 서로를 바라볼 때눈에 비친 우리의 모습을 좋아해N과 S 우리는 캐스터네츠하나가 되는 이 기분 Whoo!‘우리’라는 말에 자석이 있는 걸까내 맘이 자꾸 너에게 가려고 해내가 S면 넌 나의 N이 되어줘어떤 순간에도 너를 찾을 수 있게반대가 끌리는 천만번째 이유를내일의 우리는 알지도 몰라너와 나 표현이 서툴러 티격태격하고토라지는 날이 온다해도 좋아맞아, 우린 언제나서로의 곁에 있잖아지금 이 순간도내가 S면 넌 나의 N이 되어줘이 말 한마디가 너무 어려웠지만너의 이름조차 내겐 특별하니까오직 너에게만 말할게널 마주 보고서           반대 반대 반대 반대반대 반대가 끌린 이유는어떤 순간에도 우린 하나이니까 그거면 충분해 난 있잖아 오늘부터내가 S면 넌 나의 N이 되어줘"
비의 랩소디,임재현,비의 랩소디,2023.12.03,발라드,"총건수
											0",이젠 눈물 그쳐 나를 봐요우는 그대 더 아름다워내게 이 모습조차 더 남지 않도록그냥 고개 돌려요그저 미안한 마음뿐이죠그댈 위해 해줄 게 없어모두 이해할게요 그댈 아끼는 맘그분들도 같을 거란 걸한참 동안을 비틀거렸죠그댈 사랑했던 그만큼떠나가요 아주 먼 곳으로그대 소식 내게 올 수 없을 그만큼다 잊어요 내겐 마지막이 될사람도 모두 다 버려두고 갈게요나를 위해 많이 애썼단 걸알고 있죠 난 감사해요허나 이룰 수 없는 건 어쩔 수 없죠내가 용기 낼게요 이젠죽는 날까지 사랑한대도가질 수 없는 그대인걸떠나가요 아주 먼 곳으로그대 소식 내게 올 수 없을 그만큼다 잊어요 내겐 마지막이 될사람도 모두 다 버려두고 갈게요떠나가요 아주 먼 곳으로그대 소식 내게 올 수 없을 그만큼혹시라도 내가 그리울 때면세상에 내가 없다고 믿어요
I AM,IVE (아이브),I've IVE,2023.04.10,댄스,"총건수
											0","다른 문을 열어 따라 갈 필요는 없어넌 너의 길로 난 나의 길로 음하루하루마다 색이 달라진 느낌밝게 빛이 나는 길을 찾아I’m on my way 넌 그냥 믿으면 돼I’m on my way 보이는 그대로야너는 누군가의 Dreams come true제일 좋은 어느 날의 데자뷰머물고픈 어딘가의 낯선 뷰I’ll be far awayThat’s myLife is 아름다운 갤럭시Be a writer, 장르로는 판타지내일 내게 열리는 건 big big 스테이지So that is who I amLook at meLook at meLook at menow어제랑 또 다른 짜릿한 나두려운 모든 게 설레이게I’m in sky high, OMG사소한 건 다 아득해져 와Look at me nowLook at me nowI’m on fireI’m on my way 넌 그냥 믿으면 돼I’m on my way 보이는 그대로야너는 누군가의 Dreams come true제일 좋은 어느 날의 데자뷰머물고픈 어딘가의 낯선 뷰I’ll be far awayThat’s myLife is 아름다운 갤럭시Be a writer, 장르로는 판타지내일 내게 열리는 건 big big 스테이지So that is who I am어느 깊은 밤 길을 잃어도차라리 날아올라 그럼 네가지나가는 대로 길이거든1, 2, 31, 2, 31, 2, 3Fly upI hope you’d be someone’sdreams come true제일 좋은 어느 날의 데자뷰머물고픈 어딘가의 낯선 뷰I’ll be far awayThat’s myLife is 아름다운 갤럭시Be a writer, 장르로는 판타지내일 내게 열리는 건 big big 스테이지So that is who I am"
이제 나만 믿어요,임영웅,내일은 미스터트롯 우승자 특전곡,2020.04.03,성인가요/트로트,"총건수
											0",무얼 믿은 걸까 부족했던 내게서나조차 못 믿던 내게 여태 머문 사람무얼 봤던 걸까 가진 것도 없던 내게무작정 내 손을 잡아 날 이끈 사람최고였어그대 눈 속에 비친 내 모습이제는 내게서 그댈 비춰줄게궂은 비가 오면세상 가장 큰 그대 우산이 될게그댄 편히 걸어가요걷다가 지치면내가 그대를 안고 어디든 갈게이제 나만 믿어요나만 두고 가던 나만 스쳐 간 행운이 모여그대가 되어서 내게 와준 거야궂은 비가 오면세상 가장 큰 그대 우산이 될게그댄 편히 걸어가요걷다가 지치면내가 그대를 안고 어디든 갈게이제 나만 믿어요나의 마지막 주인공이 되어다신 누구 앞에서도 그대는 고개 숙이지 마요내가 보지 못했던 홀로 고단했던 시간고맙고 미안해요 사랑해요이 세상은우리를 두고 오랜 장난을 했고우린 속지 않은 거야이제 울지 마요좋을 땐 밤새도록 맘껏 웃어요전부 그대 꺼니까그대는 걱정 말아요이제 나만 믿어요
Polaroid,임영웅,Polaroid,2022.11.15,록/메탈,"총건수
											0","별들이 짙던 밤 하늘에 약속한 고백아직도 맘에당연하듯 남아 있어요어제 일같이 선명하네요가슴 저리는 게 사랑이 아니라그 누가 뭐라던가, 오심장이 뛰는데 아프게 뛰는데이게 사랑인 거야운명 같은 밤 너를 만나영원하자고 외쳤던 그 밤네가 날 잊어도난 널 꺼내 볼 테니까 언제나내 맘속 사진첩 한 켠엔 그대가 있지참 행복했지 때론 아픈 날이 있어도버릴 수 없는 추억이 됐지가슴 저리는 게 사랑이 아니라그 누가 뭐라던가, 오심장이 뛰는데 아프게 뛰는데이게 사랑인 거야운명 같은 밤 너를 만나영원하자고 외쳤던 그 밤네가 날 잊어도난 널 꺼내 볼 테니까 언제나우~ 예~우~네가 날 잊어도난 널 꺼내 볼 테니까 언제나한 장씩 널 기억하며 보낼게우리 모든 순간 가슴 떨리던 날모든 날이 따스하게 감싸준널 사랑했다운명 같은 밤 너를 만나셀 수 없이 많은 날 함께 했지사랑했어요 아주 많이사진첩 속의 그대여영원히 기억할게 시간이 지나도언제나"
무지개,임영웅,IM HERO,2022.05.02,록/메탈,"총건수
											0",오늘 하루 어땠었나요많이 힘들었나요쉬지 않고 달려왔던 길에서나와 함께 쉬어가요그냥 아무런 준비도 없이떠나볼까요평범해도 좋으니까우리 함께 가요Du Du Du Du Du행복 가득 담은 배낭 하나 메고서답답했던 일상과 도심을 벗어나Du Du Du DuDu Du Du Du떠나볼래요힘껏 살다 보니 무뎌져헝클어진 머리도괜찮다며 그댈 안아줄 사람바로 그대 곁에 있죠까만 선글라스 하나 챙겨서떠나볼까요평범해도 좋으니까우리 함께 가요Du Du Du Du Du행복 가득 담은 배낭 하나 메고서답답했던 일상과 도심을 벗어나Du Du Du DuDu Du Du Du떠나볼래요우리 함께 가요Du Du Du Du Du행복 가득 담은 배낭 하나 메고서답답했던 일상과 도심을 벗어나Du Du Du DuDu Du Du Du떠나볼래요우리 함께 가요Du Du Du Du DuDu Du Du DuDu Du Du Du떠나볼래요Du Du Du DuDu Du Du Du떠나볼래요Du Du Du DuDu Du Du Du지금 떠나요
그대만 있다면 (여름날 우리 X 너드커넥션 (Nerd Connection)),너드커넥션 (Nerd Connection),그대만 있다면 (여름날 우리 X 너드커넥션 (Nerd Connection)),2023.08.15,발라드,"총건수
											0",날 사랑해서 떠난다며눈물짓던 그대의 말을 믿을 수 없죠하지만 나의 전부였던그대가 힘들어하기에 잡을 수 없었죠온통 너와의 기억뿐인 나를 위해서였다면조금씩 무너져가는 날 날 위한다면이대로 내 곁에 있어야 해요나를 떠나면 안 돼요세상의 모든 걸 잃어도 괜찮아요그대만 있다면 그대만 있다면함께 웃던 시간들을함께했던 약속들을지금 또 영원히 기억하겠어요다시 한번 생각해요무엇이 날 위한 건지 그대는 알고 있어요영원히 내 곁을 지켜주세요나를 떠나지 말아요세상의 모든 걸 잃어도 난 좋아요그대만 있다면 그대만 있다면온통 그대의 생각뿐인 나를 위해서였다면초라하게 쓰러지는 날날 위한다면 이대로 내 곁에 있어야 해요나를 떠나면 안 돼요세상의 모든 걸 잃어도 괜찮아요그대만 있다면 그대만 있다면영원히 내 곁을 지켜주세요나를 떠나지 말아요세상의 모든 걸 잃어도 난 좋아요그대만 있다면 그대만 있다면
ETA,NewJeans,NewJeans 2nd EP 'Get Up',2023.07.21,댄스,"총건수
											0","낭비하지 마 네 시간은 은행서둘러서 정리해 걔는 real bad받아주면 안돼No you better trust me답답해서 그래저번에도 봤지만 너 없을 때걘 여기저기에 눈빛을 뿌리네아주 눈부시게Honestly 우리 사이에He’s been totally lying yeah내 생일 파티에 너만 못 온 그날혜진이가 엄청 혼났던 그날지원이가 여친이랑 헤어진 그날걔는 언제나 네가 없이 그날너무 멋있는 옷을 입고 그날Heard him sayWe can go wherever you likeBaby say the words and I’m downAll I need is you on my sideWe can go whenever you likeNow where are you?MmhmmWhat’s your ETA, what’s your ETAMmhmmWhat’s your ETA, what’s your ETAMmhmmWhat’s your ETA, what’s your ETAI’ll be there right now, lose that boy on her arm아파 맘이 네가 걔 못 잊을 때내 말 믿어 you deserve better than that내가 도와줄게걔는 그냥 playin’Boys be always lying yeah내 생일 파티에 너만 못 온 그날혜진이가 엄청 혼났던 그날지원이가 여친이랑 헤어진 그날걔는 언제나 네가 없이 그날너무 멋있는 옷을 입고 그날Heard him sayWe can go wherever you likeBaby say the words and I’m downAll I need is you on my sideWe can go wherever you likeNow where are you?MmhmmWhat’s your ETA, what’s your ETAMmhmmWhat’s your ETA, what’s your ETAMmhmmWhat’s your ETA, what’s your ETAI’ll be there right now, lose that boy on her armNeed a boy on my armNeed a boy on my armWant a boy on my armNeed a boy on my arm"
London Boy,임영웅,Polaroid,2022.11.15,록/메탈,"총건수
											0","꿈에 그리던 그곳 난 여기 있어저 푸른 바다 위로 널 닮은 하늘I’m in London oh,I’m in London, yeah드넓은 공원 안에 널 담은 향기가는 모든 곳마다 난 네가 보여I’m in London,yeah, I’m in London, oh나지막한 소리가 들려와수많은 별들 사이 너에게Baby baby baby my baby세상 누구보다 널 사랑해모든 힘 다해 너를 불러Hold me tight baby,you’re my everything널 만나고 난 변했어세상 누구보다 널 사랑해모든 힘 다해 너를 불러I’m London, London BoyOh oh no no noLondon Boy yeah셰익스피어, 처칠, 비틀즈, 숀 코네리해리포터, 데이비드 베컴 모든 게 있어Baby You are my London Girl행복은 너와 함께 즐기는 거야내 모든 걸 다 줘도 아깝지 않아너는 내게, Oh그런 사람, Oh나지막한 소리가 들려와수많은 별들 사이 너에게Baby baby baby my baby세상 누구보다 널 사랑해모든 힘 다해 너를 불러Hold me tight baby,you’re my everything널 만나고 난 변했어세상 누구보다 널 사랑해모든 힘 다해 너를 불러I’m London, London Boy널 만나고 내가 변했다Oh, I’m London BoyBaby baby baby my baby세상 누구보다 널 사랑해모든 힘 다해 너를 불러Hold me tight baby,you’re my everything널 만나고 난 변했어세상 누구보다 널 사랑해모든 힘 다해 너를 불러I’m London, London BoyLa la la la la la la laLa la la la la la la laLa la la la la la la laI’m London, London BoyLa la la la la la la laLa la la la la la la laLa la la la la la la laLondon BoyLondon BoyLondon Boy"
Attention,NewJeans,NewJeans 1st EP 'New Jeans',2022.08.01,댄스,"총건수
											0","You and me내 맘이 보이지 한참을 쳐다봐가까이 다가가You seeYou see, ey ey ey eyOne, two, three용기가 생겼지이미 아는 네 눈치고개를 돌려 천천히여기You see여기 보이니Looking for attention 너야겠어확실하게 나로 만들겠어Stop, eyyyDrop the questionDrop the, drop the questionWant attentionWanna want attentionYou give me butterflies you know내 맘은 온통 paradise꿈에서 깨워주지 마You got me looking for attentionYou got me looking for attention가끔은 정말헷갈리지만분명한 건Got me looking for attention널 우연히 마주친 척할래못 본 척 지나갈래You’re so fineGotta gotta get to know ya나와 나와 걸어가 줘지금 돌아서면I need ya, need ya, need yaTo look at me backHey 다 들켰었나널 보면 하트가 튀어나와난 사탕을 찾는 baby (baby)내 맘은 설레이지Eyyy, drop the questionDrop the, drop the questionWant attentionWanna want attentionYou give me butterflies you know내 맘은 온통 paradise꿈에서 깨워주지 마You got me looking for attentionYou got me looking for attention가끔은 정말헷갈리지만분명한 건Got me looking for attentionYou got me looking for attentionYou got me looking for attention가끔은 정말헷갈리지만분명한 건Got me looking for attentionA T T E N T I onAttention is what I wantA T T E N T I onAttention is what I wantA T T E N T I onAttention is what I wantA T T E N T I onYou got me looking for attention"
WAY 4 LUV,PLAVE,ASTERUM : 134-1,2024.02.26,록/메탈,"총건수
											0","Way 4 LuvWay 4 your LuvWay 4 LuvWay 4 your Luv거짓말이라도 믿을게영화 같은 스토리의 끝에It’s like a movie우린 참 어렸었지저 별들을 닮기엔모든 게 서툴렀지 Oh yeah뜨거웠던 숨은 꿈이 되어내 심장에 불을 지폈어 날 멈출 수 없도록 더욱떨어져가는 폭포처럼 내 몸을 던졌어그 속에 피어난 Flo(wer)어느새 노을이 지고 있어 그곳으로Moonlight끝이 없는 MidnightSunshine반복되는 HighlightWoo woo woo woo woo woo woo(Woo woo woo woo woo woo woo)Woo woo woo woo woo woo woo(Woo woo woo woo woo woo woo)Way 4 LuvWay 4 your LuvWay 4 LuvWay 4 your Luv거짓말이라도 믿을게영화 같은 스토리의 끝에Way 4 Luvuh Way 4 your Luv사계절이 되어줘 My Venus거짓말이라도 믿을래황홀한 이 여정의 끝에쏟아지는 유성 아래형 형색의 Rainbow지나치게 아름다워A to T, I’m driving nowThere’s no rush hourLet’s go Eiffel TowerImagine we smile at the same timeMoonlight끝이 없는 MidnightSunshine반복되는 HighlightWoo woo woo woo woo woo woo(Woo woo woo woo woo woo woo)Woo woo woo woo woo woo woo(Woo woo woo woo woo woo woo)Way 4 LuvWay 4 your LuvWay 4 LuvWay 4 your Luv거짓말이라도 믿을게영화 같은 스토리의 끝에같은 시선 속에 맞닿은 우리야너와 날 닮은 이 순간끝나지 않을 여행이라It’s a beautiful lifeWay 4 Luvoh Way 4 Luv거짓말이라도 믿을게영화 같은 스토리의 끝에Way 4 Luvuh Way 4 your Luv사계절이 되어줘 My Venus거짓말이라도 믿을래황홀한 이 여정의 끝에Woo woo woowoo woo wooWoo woo woo woowoo woo wooWoo woo woo woo"
인생찬가,임영웅,IM HERO,2022.05.02,발라드,"총건수
											0",꿈처럼 지나간 시간나는 무얼 찾고 싶었나지도도 없이 걸어온 삶을후회하진 않으리떠난 어제는 떠날 오늘로남겨지기도 하지나의 친구여 나의 형제여내 이름 불러주오미안하다 나의 인생아앞만 보며 살아왔구나찬란한 순간이여 영원하라내일은 처음 가는 길언제나처럼 또 두려워버들강아지 활짝 웃는 날후회하지 않으리비가 내리면 노래하리눈이 내려도 좋아나의 친구여 나의 형제여내 이름 불러 주오미안하다 나의 인생아앞만 보며 살아왔구나찬란한 순간이여 영원하라영원한 순간이여 찬란하라
Super Shy,NewJeans,NewJeans 2nd EP 'Get Up',2023.07.07,댄스,"총건수
											0","I’m super shy, super shyBut wait a minute while IMake you mine, make you mine떨리는 지금도 You’re on my mind All the timeI wanna tell you but I’mSuper shy, super shy I’m super shy, super shyBut wait a minute while IMake you mine, make you mine떨리는 지금도 You’re on my mind All the timeI wanna tell you but I’mSuper shy, super shy And I wanna go out with you Where you wanna go? (Huh?) Find a lil spotJust sit and talkLooking prettyFollow me우리 둘이 나란히 보이지? (봐) 내 눈이 (heh) 갑자기 빛나지 When you say I’m your dream You don’t even know my name Do ya?You don’t even know my name Do ya-a?누구보다도I’m super shy, super shyBut wait a minute while IMake you mine, make you mine떨리는 지금도 You’re on my mind All the timeI wanna tell you but I’mSuper shy, super shyI’m super shy, super shyBut wait a minute while IMake you mine, make you mine떨리는 지금도 You’re on my mind All the timeI wanna tell you but I’mSuper shy, super shy 나 원래 말도 잘하고 그런데 왜 이런지 I don’t like thatSomething odd about youYeah you’re special and you know itYou’re the top babe I’m super shy, super shyBut wait a minute while IMake you mine, make you mine떨리는 지금도 You’re on my mind All the timeI wanna tell you but I’mSuper shy, super shyI’m super shy, super shyBut wait a minute while IMake you mine, make you mine떨리는 지금도 You’re on my mind All the timeI wanna tell you but I’mSuper shy, super shy You don’t even know my name Do ya?You don’t even know my name Do ya-a?누구보다도You don’t even know my name Do ya?You don’t even know my name Do ya-a?"
오래된 노래,허각,오래된 노래,2024.06.16,발라드,"총건수
											0",오래전에 함께 듣던 노래가발걸음을 다시 멈춰 서게 해이 거리에서 너를 느낄 수 있어널 이곳에서 꼭 다시 만날 것 같아너일까 봐 한 번 더 바라보고너일까 봐 자꾸 돌아보게 돼어디선가 같은 노래를 듣고날 생각하며 너 역시 멈춰있을까오래전에 함께 듣던 노래가거리에서 내게 우연히 들려온 것처럼살아가다 한 번쯤 우연히 만날 것 같아사랑했던 그 모습 그대로내 사랑이 그대로인 것처럼발걸음이 여길 찾는 것처럼꼭 만날 거야 지금 이 노래처럼날 사랑하는 네 맘도 같을 테니까오래전에 함께 듣던 노래가거리에서 내게 우연히 들려온 것처럼살아가다 한 번쯤 우연히 만날 것 같아사랑했던 그 모습 그대로운명처럼 아니면 우연처럼우리가 다시 예전처럼 만날 수 있다면너에게 나 해주고 싶은 말이 하나 있어널 다시는 놓치지 않을게오래전에 함께 듣던 노래가거리에서 내게 우연히 들려온 것처럼살아가다 한 번쯤 우연히 만날 것 같아사랑했던 그 모습 그대로살아가다 한 번쯤 우연히 만날 것 같아사랑했던 그 모습 그대로
헤어지자 말해요,박재정,1집 Alone,2023.04.20,발라드,"총건수
											0",헤어지자고 말하려 오늘너에게 가다가 우리 추억 생각해 봤어처음 본 네 얼굴마주친 눈동자가까스로 본 너의 그 미소들손을 잡고 늘 걷던 거리에첫눈을 보다가 문득 고백했던 그 순간가보고 싶었던 식당난생처음 준비한 선물고맙다는 너의 그 눈물들이바뀔까 봐 두려워그대 먼저 헤어지자 말해요나는 사실 그대에게 좋은 사람이 아녜요그대 이제 날 떠난다 말해요잠시라도 이 행복을 느껴서 고마웠다고시간이 지나고 나면 나는어쩔 수 없을 걸 문득 너의 사진 보겠지새로 사귄 친구 함께웃음 띤 네 얼굴 보면말할 수 없을 묘한 감정들이힘들단 걸 알지만그대 먼저 헤어지자 말해요나는 사실 그대에게 좋은 사람이 아녜요그대 이제 날 떠난다 말해요잠시라도 이 행복을 느껴서 고마웠다고한 번은 널 볼 수 있을까이기적인 거 나도 잘 알아그땐 그럴 수밖에 없던어린 내게 한 번만 더 기회를 주길그댈 정말 사랑했다 말해요나는 사실 그대에게좋은 사람이 되고 싶었어영영 다신 못 본다 해도그댈 위한 이 노래가당신을 영원히 사랑할 테니
밤양갱,비비 (BIBI),밤양갱,2024.02.13,R&B/Soul,"총건수
											0",떠나는 길에 니가 내게 말했지‘너는 바라는 게 너무나 많아잠깐이라도 널 안 바라보면머리에 불이 나버린다니까’나는 흐르려는 눈물을 참고하려던 얘길 어렵게 누르고‘그래 미안해’라는 한 마디로너랑 나눈 날들 마무리했었지달디달고 달디달고 달디단 밤양갱 밤양갱내가 먹고 싶었던 건 달디단 밤양갱 밤양갱이야떠나는 길에 니가 내게 말했지‘너는 바라는 게 너무나 많아’아냐 내가 늘 바란 건 하나야한 개뿐이야 달디단 밤양갱달디달고 달디달고 달디단 밤양갱 밤양갱내가 먹고 싶었던 건 달디단 밤양갱 밤양갱이야상다리가 부러지고둘이서 먹다 하나가 쓰러져버려도나라는 사람을 몰랐던 넌떠나가다가 돌아서서 말했지‘너는 바라는 게 너무나 많아’아냐 내가 늘 바란 건 하나야한 개뿐이야 달디단 밤양갱
To. X,태연 (TAEYEON),To. X - The 5th Mini Album,2023.11.27,R&B/Soul,"총건수
											0","처음 본 널 기억해We skipped the small talk바로 다음 단계였지 뭐단점이라곤 없는 게 단점이라던그 허세도 마냥 좋았어하지만 내 일기가재미없어진 이유내가 없어진 나의매일들은 허전해좀 이상해 왜 둘 사이에너만 너만 보이는 걸까난 까다롭고 힘든 아이라그런 피곤한 생각만 한대오늘 나눈 문자 속에새로 산 티셔츠그 얘기뿐이야이제야 난 알 것 같아Gonna block you불을 꺼 To. X그 좋아했던 립스틱싫단 말에 버린널 좋아했던 만큼다 맞추려 했어‘나 아님 누가그런 세상 안아주겠어’그 말이 그땐 그리달콤했던 거야 Oh no새벽의 긴 통화도이젠 피곤해졌어Every day, every night나로 채우고 싶어좀 이상해 왜 둘 사이에너만 너만 보이는 걸까난 까다롭고 힘든 아이라그런 피곤한 생각만 한대오늘 나눈 문자 속에새로 산 티셔츠그 얘기뿐이야이제야 난 알 것 같아Gonna block you불을 꺼 To. XGonna block you불을 꺼 To. XSay ByeGonna block you불을 꺼 To. X깜빡거리는흔들거리는 LightGonna block you불을 꺼 To. X좀 이상해 왜 둘 사이에너만 너만 보이는 걸까(너만 보일까)난 까다롭고 힘든 아이라그런 피곤한 생각만 한대오늘 나눈 문자 속에(이제 불을 꺼)새로 산 티셔츠그 얘기뿐이야이제야 난 알 것 같아Gonna block you불을 꺼 To. XGonna block you불을 꺼 To. X"
Ditto,NewJeans,NewJeans 'OMG',2022.12.19,댄스,"총건수
											0","Woo woo woo woo oohWoo woo woo wooStay in the middleLike you a littleDon’t want no riddle말해줘 say it backOh say it ditto아침은 너무 멀어So say it ditto훌쩍 커버렸어함께한 기억처럼널 보는 내 마음은어느새 여름 지나 가을기다렸지 all this timeDo you want somebodyLike I want somebody날 보고 웃었지만Do you think about me now yeahAll the time yeahAll the timeI got no time to lose내 길었던 하루난 보고 싶어Ra-ta-ta-ta 울린 심장 (Ra-ta-ta-ta)I got nothing to lose널 좋아한다고wooah wooah wooahRa-ta-ta-ta 울린 심장 (Ra-ta-ta-ta)But I don't want toStay in the middleLike you a littleDon’t want no riddle말해줘 say it backOh say it ditto아침은 너무 멀어So say it dittoI don't want toWalk in this 미로다 아는 건 아니어도바라던 대로말해줘 Say it backOh say it dittoI want you so, want youSo say it dittoNot just anybody너를 상상했지항상 닿아있던처음 느낌 그대로 난기다렸지 all this timeI got nothing to lose널 좋아한다고wooah wooah wooahRa-ta-ta-ta 울린 심장 (Ra-ta-ta-ta)But I don't want toStay in the middleLike you a littleDon’t want no riddle말해줘 say it backOh say it ditto아침은 너무 멀어So say it dittoI don't want toWalk in this 미로다 아는 건 아니어도바라던 대로말해줘 Say it backOh say it dittoI want you so, want youSo say it dittoWoo woo woo woo oohWoo woo woo woo"
Drama,aespa,Drama - The 4th Mini Album,2023.11.10,댄스,"총건수
											0","Ya Ya I’m the DramaZiggy ziggy zag I’m new'Cause I go biggie biggie bad It’s true날카로운 눈 안에 비친 Toxic내 본능을 당겨 ZoomHold up, What? Oh my godYou say, What? 다쳐 넌You better watch out우린 이미 거센 Boom달려가고 있어 VroomI li-li like me when I rollLi-li-like me when I’m savageLi-li-like me when I goLi-li-likie when I baddestHold up 빛을 따라서달아 다 다 달려나가 RunGo Finally Ra ta ta ta다음 세계를 열어 난1, 2 It’s time to go후회 없어 난맞서 난 깨버렸지날 따라서 움직일 Rules손끝으로 세상을 두드려 움직여Yeah I’m comingI bring I bringall the Drama-ma-ma-maI bring Drama-ma-ma-maWith my girls in the backGirls in the backDramaTrauma-ma-ma-maI break Trauma-ma-ma-maWith MY WORLD in the back나로 시작되는 Drama(All that)Drama-ma-ma-ma(Bring it that)Drama-ma-ma-maWith my girls in the backGirls in the back YeahI breakTrauma-ma-ma-ma(We them)Trauma-ma-ma-maWith MY WORLD in the back나로 시작되는 DramaDrama-ma-ma-maDrama-ma-ma-ma (3, 2, 1)Drama-ma-maYou know I’ve been kind of like1, 2, 3 깜짝 놀랄 다음 Scene키를 거머쥔주인공은 나4, 3, 2 Going down쉽게 ThroughDeja Vu 같이그려지는 이미지날 굳이 막지 말아이건 내 Drama도발은 굳이 안 막아Uh I’m a stunner1, 2 It’s time to go타오르는 날 (타는 날)느껴 난 And I love it새로워지는 Rules난 눈을 떠 (두 눈을 떠)시작된 걸 (넌) 알아 (Now)It’s comingI bring I bringall the Drama-ma-ma-maI bring Drama-ma-ma-maWith my girls in the backGirls in the backDramaTrauma-ma-ma-maI break Trauma-ma-ma-maWith MY WORLD in the back나로 시작되는 DramaInto the REAL WORLD다가온 Climax두려워하지 마You and I함께 써 내려가는 Story날 가로막았던 No한계를 뛰어 넘어 Every dayOh Imma make it my wayOut of the way YeahI bring I bringall the Drama-ma-ma-maI bring Drama-ma-ma-maWith my girls in the backGirls in the backDramaTrauma-ma-ma-maI break Trauma-ma-ma-maWith MY WORLD in the back나와 함께하는 Drama(All that)You know, I’m savage거침없는 Baddest나를 둘러싼 Thrill거친 여정 속의 Drama(Drama-ma-ma)내가 깨트릴 모든 Trauma(Drama-ma-ma)지금 시작되는 DramaYa Ya 너로 시작될 MY Drama"
SHEESH,BABYMONSTER,BABYMONS7ER,2024.04.01,R&B/Soul,"총건수
											0",Da la lun dunDa la lun dunDa la lun dunBABY I’mma MONSTERMano a manoI see you in slow mo’You know you’re in troubleOoh hoo hoo hoo발버둥 쳐봐어차피 손바닥위에서 못 나가You know that눈을 뜬 순간피어나All eyes on me불을 질러라Do or dieOn my lifeYeah you ain’t seen nothing yetGot them all goingSheesh SheeshSheesh Sheesh Sheesh yeahB.A.B.Y.M.O.NSheesh SheeshSheesh Sheesh Sheesh yeahGot them all goingYo hold on 쉿걍 들이부어라 네 달팽이관에이건 네 귀에 줄 축복음악에 맞춰 걍 춤 춰 히비리 합 합 boom boom pow분위기 타올라 너네들 눈 돌아띵하니 적잖이 충격일 거야Crown this queen홈런은 쳤고 내 다음은 위어중이떠중이 중간 아님날 보고 닫혔던 입들 saySheesh Sheesh SheeshYou know what it isI be running thisPull up in a ghostPeek a peek a boo hooVroom vroom너네 심장에 박동이 pump pump popPedal to the metalClick clack click Put’em up to the skyHigh high high high눈을 뜬 순간피어나All eyes on me불을 질러라Do or dieOn my lifeYeah you ain’t seen nothing yetGot them all goingSheesh SheeshSheesh Sheesh Sheesh yeahB.A.B.Y.M.O.NSheesh SheeshSheesh Sheesh Sheesh yeahGot them all going마음껏 웃어봐이젠 내 차례니까천천히 불태워 네가 잠든 사이Time’s up올라가 올라가 더꼭대기 꼭대기로하늘 위 하늘 위로Fly away온 세상을 뒤집어Come on let’s ride BABY I’mma MONSTERB A B Y M O NTell a friend tell a friend tell a friendB A B Y M O NTell a friend tell a friend tell a friendLet's goJump jump and let it goWatch out we on a roll Rum pump pump pump it up thenJump jump and let it goWatch out we on a roll Rum pump pump pump it up then
연애편지,임영웅,IM HERO,2022.05.02,포크/블루스,"총건수
											0",노을에 물든 저녁 하늘이오랜만에 참 좋은 저녁입니다문득 떠오른 그대 생각에나지막이 이름을 불러봅니다나도 몰래 꺼내 본 낡은 수첩엔그대가 너무도 많아차마 그립단 말 대신꽃잎을 넣어 보내며하얀 종이에 하지 못한 말아직 그댄 내 고운 사랑입니다외로이 스쳐 창을 흔드는바람 소리 쓸쓸한 시간입니다어둠 만들고 초를 태우며나지막이 그대를 불러봅니다나도 몰래 꺼내 본 낡은 사진엔그대가 너무도 많아차마 그립단 말 대신바라본 밤하늘에는아스라이 먼 작은 별 하나외로이 홀로 남아 깜박입니다그대를 닮은 작은 별 하나외로이 홀로 남아 깜박입니다그대 고운 이름은 사랑입니다
Spicy,aespa,MY WORLD - The 3rd Mini Album,2023.05.08,댄스,"총건수
											0","Uh Uh Too SpicyYou want my A to the ZBut you won’t 어림없지맞혀봐 Sweet 또는 FreakWhat’s hiding underneath(I see)망설이듯 간 보는 너기회는 없어 OhNah You won’t get itNo No, You won’t get itI say깜빡 한순간끌어당겨You’ll be mine (Mine)살짝 다가와Can cross my borderline(Line Line Line)널 따분하게 했던 Every day흥미로운 덫을 던져줄게뛰어들어 봐Just right now'Cause I’m too Spicyfor your heartRing the fire alarm심장을 파고들어 넌I'm too Spicy번지는 자극 속에 넌바로 그 순간또 다른 나를 발견해I’m too Spicy too tooI’m too SpicyDon’t Stop 겁내지 마Bang Bang 외쳐봐I’m too SpicyYeah I’m too SpicyYou know that IDon’t Stop 용기 내 봐Next step, MyselfI’m too SpicyToo Spicy too tooI’m too SpicyTell me what you seeWhen you look at me'Cause I am a 10out of 10 honestly기세가 다른 Move널 압도하는 GrooveBut you keep wastingyour time DudeDon't chase me경고해 난Erase me멀리 달아나Hey 이젠 알겠니원래부터 Bad I’m so bad honestlySo bad전부 가질래지금부턴Call you mine (Mine)도망칠 거면Don’t cross my borderline(Line Line Line)늘 뻔하기만 했던 Every day이제 그만 Rule을 벗어날 때어렵지 않아Just right now'Cause I’m too Spicyfor your heartRing the fire alarm심장을 파고들어 넌I'm too Spicy번지는 자극 속에 넌바로 그 순간또 다른 나를 발견해I’m too Spicy too tooI’m too SpicyReady? Uh좀 더 강도를 높여다음다음다음One of a kind우린 한계를 앞서Wow Wow WowThat’s Right'Cause I’m too Spicyfor your heartRing the fire alarm새로운 도전 끝에 넌I'm too Spicy변화할 시간이야 넌지금 이 순간또 다른 나를 찾아내I’m too Spicy too tooI’m too SpicyDon’t Stop 겁내지 마Bang Bang 외쳐봐I’m too SpicyYeah I’m too SpicyYou know that IDon’t Stop 용기 내 봐Next step, MyselfI’m too SpicyI’m too SpicyI’m too Spicy too tooI’m too Spicy'Cause IOh YeahYeah I’m too Spicyfor your heart(Yeah I’m too Spicyfor your heart)마침내 번져오는 Joy(Enjoy joy joy joy)Yeah I’m too Spicyfor your heartI’m too Spicy too tooI’m too SpicyFor you"
Dynamite,방탄소년단,Dynamite (DayTime Version),2020.08.24,댄스,"총건수
											0",Cos ah ahI’m in the stars tonightSo watch me bring the fireand set the night alightShoes on get up in the mornCup of milk let’s rock and rollKing Kong kick the drumrolling on like a rolling stoneSing song when I’m walking homeJump up to the top LeBronDing dong call me on my phoneIce tea and a game of ping pongThis is getting heavyCan you hear the bass boomI’m readyLife is sweet as honeyYeah this beat cha chinglike moneyDisco overload I’m intothat I’m good to goI'm diamond you know I glow upHey so let’s goCos ah ahI’m in the stars tonightSo watch me bring the fireand set the night alightShining through the citywith a little funk and soulSo I’mma light it uplike dynamite woahBring a friend join the crowdWhoever wanna come alongWord up talk the talkjust move like we off the wallDay or night the sky’s alightSo we dance to the break of dawnLadies and gentlemenI got the medicineso you should keep yaeyes on the ball huhThis is getting heavyCan you hear the bass boomI’m readyLife is sweet as honeyYeah this beat cha chinglike moneyDisco overloadI’m into that I’m good to goI'm diamond you know I glow upLet’s goCos ah ahI’m in the stars tonightSo watch me bring the fireand set the night alightShining through the citywith a little funk and soulSo I’mma light it uplike dynamite woahDynnnnnanana life is dynamiteDynnnnnanana life is dynamiteShining through the citywith a little funk and soulSo I’mma light it uplike dynamite woahDynnnnnanana ehDynnnnnanana ehDynnnnnanana ehLight it up like dynamiteDynnnnnanana ehDynnnnnanana ehDynnnnnanana ehLight it up like dynamiteCos ah ahI’m in the stars tonightSo watch me bring the fireand set the night alightShining through the citywith a little funk and soulSo I’mma light it uplike dynamiteCos ah ahI’m in the stars tonightSo watch me bring the fireand set the night alightShining through the citywith a little funk and soulSo I’mma light it uplike dynamite woahDynnnnnanana life is dynamiteDynnnnnanana life is dynamiteShining through the citywith a little funk and soulSo I’mma light it uplike dynamite woah
너의 모든 순간,성시경,별에서 온 그대 OST Part.7,2014.02.12,"발라드, 국내드라마","총건수
											0",이윽고 내가 한눈에너를 알아봤을 때모든 건 분명 달라지고 있었어내 세상은 널 알기 전과 후로 나뉘어니가 숨 쉬면 따스한 바람이 불어와니가 웃으면 눈부신 햇살이 비춰거기 있어줘서 그게 너라서가끔 내 어깨에 가만히 기대주어서나는 있잖아 정말 빈틈없이 행복해너를 따라서 시간은 흐르고 멈춰물끄러미 너를 들여다 보곤 해그것 말고는 아무것도 할 수 없어서너의 모든 순간 그게나였으면 좋겠다생각만 해도 가슴이 차올라나는 온통 너로보고 있으면 왠지 꿈처럼 아득한 것몇 광년 동안 날 향해 날아온 별빛 또 지금의 너거기 있어줘서 그게 너라서가끔 나에게 조용하게 안겨주어서나는 있잖아 정말 남김없이 고마워너를 따라서 시간은 흐르고 멈춰물끄러미 너를 들여다보곤 해너를 보는 게 나에게는 사랑이니까너의 모든 순간 그게나였으면 좋겠다생각만 해도 가슴이 차올라나는 온통 너로니 모든 순간 나였으면
사랑인가 봐,멜로망스,사랑인가 봐 (사내맞선 OST 스페셜 트랙),2022.02.18,"발라드, 국내드라마","총건수
											0",너와 함께 하고 싶은 일들을상상하는 게요즘 내 일상이 되고너의 즐거워하는 모습을 보고 있으면자연스레 따라 웃고 있는 걸너의 행동에 설레어하고 뒤척이다가지새운 밤이 많아지는데이건 누가 봐도 사랑일 텐데종일 함께면 질릴 텐데나 돌아서도 온통 너인 건아무래도 사랑인가 봐점점 너와 하고 싶은 일들 생각하면서하룰 보낸 날이 많아지는데이건 누가 봐도 사랑일 텐데종일 함께면 질릴 텐데나 돌아서도 온통 너인 건아무래도 사랑인가 봐너의 행복해하는 모습을 보고 있으면나도 모르게 따라 웃는데이 정도면 알아줄 만하잖아너도 용기 낼만 하잖아나만 이런 게 아니라면우리 만나볼 만하잖아아무래도 사랑인가 봐
청혼하지 않을 이유를 못 찾았어,이무진,청혼하지 않을 이유를 못 찾았어,2024.04.02,발라드,"총건수
											0","너에게 안 믿길 만큼 받은 게 참 많아요우선은 너 하나, 그리고 우리란 말사실 더할 나위 없이 그거면 됐지요우리만의 기억 과분한 선물이지요너로 인해 난 놀랍게도 변한 게 참 많아요맘속엔 너와 날 가득히 채운 바다잡은 두 손 사이로 붉은 실이 보이죠어쩌면 정해져 있었던 걸지도근데 있잖아 자연스런 고백이 난 제일 어려워내 맘을 멋있게 전하고 싶어 고민했어수많은 바람 끝에 너에게 할 말을 정했어가장 솔직하고 감동적인 말너에게 청혼하지 않을 이유를 못 찾았어내 일상, 내 모든 하루는 너라서그댄 오늘도 정말 예쁘네요빛나줘 곁에서 부디 영원토록수백 번 연습하며 오늘을 기다려왔어어쩌면 어설픈 말들일지라도그댈 내일 더 사랑할 거란 것그게 내가 청혼할 이유그 이유의 이유마침내 전한 내 고백 조금은 수줍어도굳게 잡은 두 손 놓지 않기로 약속마지막까지도 꼭 함께하기로그 마지막의 마지막의 마지막까지도너에게 청혼하지 않을 이유를 못 찾았어내 일상, 내 모든 하루는 너라서그댄 오늘도 정말 예쁘네요빛나줘 곁에서 부디 영원토록수백 번 연습하며 오늘을 기다려왔어어쩌면 어설픈 말들일지라도그댈 내일 더 사랑할 거란 것그게 내가 청혼할 이유그 이유의 이유많은 사람들 중에그 많은 순간들 중에만난 우리우연과 얽힌 운명들 중에가장 찬란한 순애그 서막 끝의 무대너에게 청혼하지 않을 이유를 못 찾은 것기억 속 찬란함이 온통 너란 것그댄 오늘도 정말 예쁘단 것전부야 너무나 당연한 이유가난 이제 준비해 둔 모든 말을 꺼내 뒀어항상 내 맘 한켠 담아뒀던 프러포즈그댄 내일도 아름다울 거란 것그게 내가 청혼한 이유그저 너란 이유"
우리 영화,PLAVE,ASTERUM : 134-1,2024.02.26,랩/힙합,"총건수
											0",많은 장면들을 보내고 나면엔딩크레딧에는 너와 나뿐이야끝나지 않은 이야긴 계속돼우리의 영화를 시작해엄청난 사랑에 빠져 uh너란 존재를 알게 된 건oh 정말 Lucky me Lucky me비슷한 모습에 운명이란 말을 믿었죠마침내 시작된 우리 이야기를 써 내려가요너란 영화되어줄게 Highlight나의 영화되어줄래 마지막한 편의 영화가 끝나도 끝이 아닐 거라고멜로 영화주인공은 너야  흑백 영화속에 너만 빛나막이 내리고 별빛들이 쏟아질 거야화면 속에 너와 나 Feel like I'm Hollywood starBGM은 Nothin' 내가 불러넌 내 앞에서 Right here 즐겨만 줘한걸음 우리 손잡고 같이 걷자두 걸음 아름다운 밤을 지새우자 You know whatWhat a beautiful night 모닥불 is burnin'너를 사랑할게 I'm in love너란 영화되어줄게 Highlight나의 영화되어줄래 마지막한 편의 영화가 끝나도 끝이 아닐 거라고멜로 영화주인공은 너야흑백 영화속에 너만 빛나막이 내리고 별빛들이 쏟아질 거야함께 걸어가 줄래진심이니까 내 손 놓지 마함께 걸어가 줄 때넘어지면 내 손잡아 줄래함께 걸어가 줄게힘들 때면 내 손을 잡을래함께 걸어가 줄 때눈부시게 아름다워져 hey너란 영화되어줄게 Highlight나의 영화되어줄래 마지막한 편의 영화가 끝나도 끝이 아닐 거라고멜로 영화주인공은 너야흑백 영화속에 너만 빛나막이 내리고 별빛들이 쏟아질 거야많은 장면들을 보내고 나면엔딩크레딧에는 너와 나뿐이야끝나지 않은 이야긴 계속돼우리의 영화를 시작해
Girls Never Die,tripleS (트리플에스),〈ASSEMBLE24〉,2024.05.08,댄스,"총건수
											0","다시 해보자La La La La La La La끝까지 가볼래 포기는 안 할래 난La La La La La La La쓰러져도 일어나We Go, We High, Go NowLa La La La La La LaGirls Never Die 절대 Never Cry세상은 늘 화려한 꿈 내 눈이 멀게눈부셔 Shine Better난 여기 보이지 않겠지 점점초라한 내가 싫어날 보이기도 싫어짙게 화장했던 이유 필터 꼈던 이유 알겠니 이젠 알겠니La La La La La La La끝까지 가볼래 포기는 안 할래 난La La La La La La La쓰러져도 일어나We Go, We High, Go NowLa La La La La La LaGirls Never Die 절대 Never Cry비켜봐 봐 비켜 핑계는우린 본질 속에 진주가 될래꿈의 난이도 좀 더 난 높일게고통 시련 다듬어 내가 될게I’m Just이제 조금 알겠어I Shine왜 날 힘들게 울게만 둔 건지Hold Me Closer Broken MyselfLa La La La La La La끝까지 가볼래 포기는 안할래 난La La La La La La La쓰러져도 일어나We Go, We High, Go NowLa La La La La La LaGirls Never Die 절대 Never Cry날 따라와 달라진 날하나가 되자너의 꿈이 내가 되고우리 함께 꾸는 꿈두려움 따위다 함께 있다면은이제 무서울 것 없지다시 해볼까La La La La La La La끝까지 가볼래 포기는 안 할래 난La La La La La La La쓰러져도 일어나We Go, We High, Go NowLa La La La La La LaGirls Never Die 절대 Never CryLa La La La La La LaGirls Never Die 절대 Never CryLa La La La La La La끝까지 가볼래 포기는 안 할래We Go, We High, Go NowLa La La La La La LaGirls Never Die 절대 Never Cry"
파이팅 해야지 (Feat. 이영지),부석순 (SEVENTEEN),부석순 1st Single Album 'SECOND WIND',2023.02.06,댄스,"총건수
											0","파이팅 해야지파이팅아뿔싸 일어나야지 아침인데눈 감았다 뜨니 해가 중천인데아침밥은 Pass 10분 더 자야 돼 OhTake-out coffee로 (아메 아메 아메 아메)Story 속에 (친구들은 다 왜)잘나 보여 (왜 나 나 나만 왜)또 또 또 또 왜 아등바등 또 왜이리저리 치여 왜 (I9 I9 I9 I9)우린 다 이어폰 꽂은 Zombie필요해 모두 다 텐션 Up pumpin’힘을 좀 내어보자우린 여러분의 부석순반복되는 하루에시작이 되는 이 노래네 옆에서 불러주겠어힘내야지 뭐 어쩌겠어파이팅 해야지 파이팅 해야지Don’t give it up Never give it up yeah파이팅 해야지 파이팅 해야지우린 부석순Ah 파이팅 해야지Story 속에 (친구들은 다 왜)잘나 보여 (왜 나 나 나만 왜)또 또 또 또 왜 아등바등 또 왜이리저리 치여 왜 (I9 I9 I9 I9)우린 다 이어폰 꽂은 Zombie필요해 모두 다 텐션 Up pumpin’힘을 좀 내어보자우린 여러분의 부석순반복되는 하루에시작이 되는 이 노래네 옆에서 불러주겠어힘내야지 뭐 어쩌겠어파이팅 해야지 파이팅 해야지Don’t give it up Never give it up yeah파이팅 해야지 파이팅 해야지Okay 모닝커피는 디카페인일찍 일어나니 기분 뭣 같지철없이 부재중 전화 제끼고Dance with ma laziness굽은 등, 팔, 다리 전부 다 펴니Ooh I feel like I’m seventeen일원도 보탬 안 되는불행과 같이 살기에는 내 시간이 너무 아깝지 Man힘을 내 힘을 내 힘을 내 힘을 내힘을 내 힘을 내 힘을 내 힘을 내Y’all don’t deserve itUnfortune is unnecessary알다시피 인생은원래 거지 같아그러니 조금만 힘을 내구겨진 인생을연주하는 우린 비운의 베토벤차분히 다음 악장을 연주해We got plenty more pages left to play올라갔다 내려가는 주식같이알다가도 모르겠는 인생 뭣 같지한 템포 쉬고 물 한 모금 마시기자 여기 있어 비타민 A B C반복되는 하루에시작이 되는 이 노래네 옆에서 불러주겠어힘내야지 뭐 어쩌겠어파이팅 해야지 파이팅 해야지Don’t give it up Never give it up yeah파이팅 해야지 파이팅 해야지우린 부석순Ah 파이팅 해야지Ah 파이팅 해야지"
퀸카 (Queencard),(여자)아이들,I feel,2023.05.15,댄스,"총건수
											0",Hey you뭘 보니? 내가 좀 Sexy Sexy 반했니Ye you뭐 하니? 너도 내 Kiss Kiss 원하니월 화 수 목 금 토 일 미모가 쉬지를 않네머리부터 발끝까지 눈부셔 빛이 나네Oh 저기 언니야들 내 Fashion을 따라 하네아름다운 여자의 하루는 다 아름답네이 Party에 준비된 Birthday cake태어나서 감사해 Every dayI don’t need them그래 내가 봐도 난퀸카 I’m hotMy boob and booty is hotSpotlight 날 봐I’m a star star star퀸카 I’m the topI’m twerking on the runwayI am a 퀸카You wanna be the 퀸카I’m a 퀸카I’m a 퀸카I’m a I’m a I’m a 퀸카I’m a 퀸카 (Take a photo)I’m a 퀸카I’m a 퀸카I’m a I’m a I’m a 퀸카I’m a 퀸카Look so cool look so sexylike Kim KardashianLook so cute look so pretty like ArianaI wanna with you 뽀뽀I wanna with you 포옹자꾸 예뻐져 거울 속 너어~이 Party에 준비된 (Blue) Champagne태어난 걸 축하해 Every dayI don’t need them그래 내가 봐도 난퀸카 I’m hotMy boob and booty is hotSpotlight 날 봐I’m a star star star퀸카 I’m the topI’m twerking on the runwayI am a 퀸카You wanna be the 퀸카I’m a 퀸카I’m a 퀸카I’m a I’m a I’m a 퀸카I’m a 퀸카 (Take a photo)I’m a 퀸카I’m a 퀸카I’m a I’m a I’m a 퀸카I’m a 퀸카아무거나 걸친 Girl 퀸카카카마르거나 살찐 Girl 퀸카카카자신감 넘치는 Girl 퀸카카카I am a 퀸카You wanna be the 퀸카
보금자리,임영웅,IM HERO,2022.05.02,성인가요/트로트,"총건수
											0",그대 사랑이 나였음 좋겠다아무것도 필요 없어요든든한 품에 안겨 잠들고 싶어라내 사랑의 보금자리아무것도 바라지 않아요당신만 있으면 돼한 눈 팔지 않고 사랑할래요돈도 필요 없어 백도 필요 없어당신만 있으면 돼그대 사랑이 나였음 좋겠다아무것도 필요 없어요든든한 품에 안겨 잠들고 싶어라내 사랑의 보금자리아무것도 바라지 않아요당신만 있으면 돼한 눈 팔지 않고 사랑할래요돈도 필요 없어 백도 필요 없어당신만 있으면 돼아무것도 바라지 않아요당신만 있으면 돼한 눈 팔지 않고 사랑할래요돈도 필요 없어 백도 필요 없어당신만 있으면 돼당신만 있으면 돼
Get A Guitar,RIIZE,Get A Guitar,2023.09.04,댄스,"총건수
											0",If you want somethingto play with get a guitar너와 내 느낌대로Make it 시작해 봐발 박자를 맞추고손은 Snapping likeone two five모두 집중해 줘When I play the guitarCause I know you knowOoh baby oohI love it 너와 맞추는 눈Ooh baby oohI love it 너와 맞추는 춤Rhythm 속에 그려보는 햇살가득 담은 꿈 In my heartTell me whileYou play me like dun dun dunStill I love it 너와 맞추는 눈Baby dun dun dunStill I love it 너와 맞추는 춤Get get get get a guitarGet get get get a guitarGet get get get a guitarGet get get get a guitarIf you want somethingto play with get a guitar가볍게 툭어깨에 메고 시작해 봐불타오를 Love and youth외치는 순간 Feel the vibe맘이 가는 대로Play it get a guitarCause I know you knowOoh baby oohI love it 너와 맞추는 눈Ooh baby oohI love it 너와 맞추는 춤Rhythm 속에 그려보는 햇살가득 담은 꿈 In my heartTell me whileYou play me like dun dun dunStill I love it 너와 맞추는 눈Baby dun dun dunStill I love it 너와 맞추는 춤Ooh baby oohI love it 너와 맞추는 눈Ooh baby oohI love it 너와 맞추는 춤네가 원하던 그 순간다른 생각들은 다 벗어나Tell me whileYou play me like dun dun dunStill I love it 너와 맞추는 눈Baby dun dun dunStill I love it 너와 맞추는 춤Get get get get a guitarGet get get get a guitarGet get get get a guitarGet get get get a guitarGet get get get a guitar
LOVE DIVE,IVE (아이브),LOVE DIVE,2022.04.05,댄스,"총건수
											0","네가 참 궁금해 그건 너도 마찬가지이거면 충분해 쫓고 쫓는 이런 놀이참을 수 없는 이끌림과 호기심 묘한 너와 나 두고 보면 알겠지Woo 눈동자 아래로Woo 감추고 있는 거Woo yeah It’s so bad It’s good 난 그 맘을 좀 봐야겠어Narcissistic, my god I love it서로를 비춘 밤아름다운 까만 눈빛 더 빠져 깊이(넌 내게로 난 네게로) 숨 참고 love diveWoo lalalalalalalaWoo 어서 와서 love diveWoo oh perfect sacrifice yeah숨 참고 love dive마음은 이렇게 알다가도 모르지사랑이라는 건 한순간에 필 테니직접 들어와 두 눈으로 확인해내 맘 가장 깊은 데로 오면 돼Woo 망설일 시간은Woo 3초면 되는 걸Woo yeah It’s so bad It’s good 원하면 감히 뛰어들어Narcissistic, my god I love it서로를 비춘 밤아름다운 까만 눈빛 더 빠져 깊이(넌 내게로 난 네게로) 숨 참고 love diveWoo lalalalalalalaWoo 어서 와서 love diveWoo oh perfect sacrifice yeah숨 참고 love dive숨 참고 love dive 숨 참고 love dive숨 참고 love dive숨 참고 love diveWoo lalalalalalalaWoo 어서 와서 love diveWoo oh perfect sacrifice yeah숨 참고 love dive"
사건의 지평선,윤하 (YOUNHA),YOUNHA 6th Album Repackage 'END THEORY : Final Edition',2022.03.30,록/메탈,"총건수
											0","생각이 많은 건 말이야당연히 해야 할 일이야나에겐 우리가 지금 1순위야안전한 유리병을 핑계로바람을 가둬 둔 것 같지만기억나? 그날의 우리가잡았던 그 손엔 말이야설레임보다 커다란 믿음이 담겨서난 함박웃음을 지었지만울음이 날 것도 같았어소중한 건 언제나 두려움이니까문을 열면 들리던 목소리너로 인해 변해있던 따뜻한 공기여전히 자신 없지만 안녕히저기, 사라진 별의 자리아스라이 하얀 빛한동안은 꺼내 볼 수 있을 거야아낌없이 반짝인 시간은조금씩 옅어져 가더라도너와 내 맘에 살아 숨 쉴 테니여긴, 서로의 끝이 아닌새로운 길 모퉁이익숙함에 진심을 속이지 말자하나 둘 추억이 떠오르면많이 많이 그리워할 거야고마웠어요 그래도 이제는사건의 지평선 너머로솔직히 두렵기도 하지만노력은 우리에게 정답이 아니라서마지막 선물은 산뜻한 안녕저기, 사라진 별의 자리아스라이 하얀 빛한동안은 꺼내 볼 수 있을 거야아낌없이 반짝인 시간은조금씩 옅어져 가더라도너와 내 맘에 살아 숨 쉴 테니여긴, 서로의 끝이 아닌새로운 길 모퉁이익숙함에 진심을 속이지 말자 하나 둘 추억이 떠오르면많이 많이 그리워할 거야고마웠어요 그래도 이제는사건의 지평선 너머로저기, 사라진 별의 자리아스라이 하얀 빛한동안은 꺼내 볼 수 있을 거야아낌없이 반짝인 시간은조금씩 옅어져 가더라도너와 내 맘에 살아 숨 쉴 테니여긴, 서로의 끝이 아닌새로운 길 모퉁이익숙함에 진심을 속이지 말자 하나 둘 추억이 떠오르면많이 많이 그리워할 거야고마웠어요 그래도 이제는사건의 지평선 너머로사건의 지평선 너머로"
인사,범진,인사,2021.12.24,"발라드, 인디음악","총건수
											0",돌아서는 너를 보며난 아무 말도 할 수 없었고슬퍼하기엔 짧았던나의 해는 저물어 갔네지나치는 모진 기억이바람 따라 흩어질 때면아무 일도 없듯이 보내주려 해아픈 맘이 남지 않도록안녕 멀어지는 나의 하루야빛나지 못한 나의 별들아차마 아껴왔던 말 이제서야잘 지내 인사를 보낼 게떠나가는 너를 보며난 아무 말도 할 수 없었고슬퍼하기엔 짧았던나의 해는 저물어 갔네돌이킬 순 없는 추억이바람 따라 흩어질 때면아무 일도 없듯이 보내주려 해아픈 맘이 남지 않도록안녕 멀어지는 나의 하루야빛나지 못한 나의 별들아차마 아껴왔던 말 이제서야잘 지내 인사를 보낼 게잘 지내 인사를 보낼 게
Accendio,IVE (아이브),IVE SWITCH,2024.04.29,댄스,"총건수
											0","Dear priest고백할 게 있어피 한 방울과 tears그저 연극일 뿐이건 은밀한 독백아름답지만 Born bad예측하지 마 No wayYou just talk too much오 아름답지만 섬찟할 거야첫인상은 강한 게 좋지오 다정하지만 얼음장 같아Gonna make you crazy우 평온했던 심장이나를 볼 때 Yeah I like that 멎을지 몰라Now I’m changing, can’t you see?Watch me, don't touch me Love me, don’t hurt meWatch me, don't touch me주문 걸어 아센디오Watch me, don't touch me Love me, don’t hurt meWatch me, don't touch me주문 걸어 아센디오손끝으로 아센디오손끝으로 아센디오오 절벽에서 Turn 처음 보는 색채로 물든 동공그 감정은 pure그 눈빛은 love쉽지는 않을 거야 Out of control향기 가득 채워 둔 미로연기 속으로 널 밀어여섯 방울 magic syrupAnd we pop into the mirror온몸에 붙어있는 pearl두 손가락으로 Swirl보여줘 달콤한 curseLet them BURN우 평온했던 심장이나를 볼 때 Yeah I like that 멎을지 몰라Now I’m changing, can’t you see?Watch me, don't touch me Love me, don’t hurt meWatch me, don't touch me주문 걸어 아센디오Watch me, don't touch me Love me, don’t hurt meWatch me, don't touch me주문 걸어 아센디오손끝으로 아센디오손끝으로 아센디오Watch me, don't touch me Love me, don’t hurt meWatch me, don't touch me주문 걸어 아센디오Watch me, don't touch me Love me, don’t hurt meWatch me, don't touch me주문 걸어 아센디오손끝으로 아센디오손끝으로 아센디오"
Love 119,RIIZE,Love 119,2024.01.05,댄스,"총건수
											0",1 2 Let’s go뺏긴 My heartthat girl’s a killerLove so goodfeels like a thriller시작됐지이건 Emergency (Vroom)1-1-9 1-1-9Save my life save my lifeShe sets me free이건 Emergency (Love)너는 마치 Flashlight자꾸만 시선을 뺏겨많은 사람 속에서순간 너만 보였어다들 말하지Love is so sweet아직 난 뭔지 모르겠지Right now처음 느낀 이상한 떨림이건 진심 I’m not kidding친구이기엔 더Deeper deeper deeper어쩌면 Love song yah뺏긴 My heartthat girl’s a killerLove so goodfeels like a thriller시작됐지이건 Emergency (Vroom)1-1-9 1-1-9Save my life save my lifeShe sets me free이건 Emergency (Love)이상해 나 What do I do너에 관한 건 뭐라도신경 쓰여 난 All day넌 만들어 My day이 감정은 Someday난 알고 싶어귓가에 울린Love is so sweet멈출 수 없이빠져버린 나야네가 자꾸 궁금해 왜지말도 안 돼I’m not kidding시간이 갈수록깊어 깊어 깊어져가는 나잖아뺏긴 My heartthat girl’s a killerLove so goodfeels like a thriller시작됐지이건 Emergency (Vroom)1-1-9 1-1-9Save my life save my lifeShe sets me free이건 Emergency (Love)이건 뭘까You know what I’m talking about왜 이렇게나의 맘이 어지러운 걸까이 모든 게내가 널 좋아하는 건가난 그럼 더 이상끌고 싶지 않아다른 건Nothing butI want it all with you뺏긴 My heartthat girl’s a killerLove so goodfeels like a thriller시작됐지이건 Emergency (Vroom)1-1-9 1-1-9Save my life save my lifeShe sets me free이건 Emergency (Love)
Cosmic,Red Velvet (레드벨벳),Cosmic,2024.06.24,댄스,"총건수
											0","외딴 별 그 Funny story(It’s electric)그 소란스런 Landing너를 만난 별난 사건첫 번째 별은 차가워몇 번째 은하를 건너멋대로 불시착한그대란 낯선 이방인을 버려둘까솔직히 너무 신경 쓰여재미 삼아 놀려줄까?Hey, what did you do to my mind?네가 궁금해져밤새 질문할 수도 있어(When the stars align)오늘 밤이 맑다면내일 떠나겠단 너I got a plan, just you and I조금 더 머무르면 어때?나의 별이 조금 외롭대아껴둔 노래를 들려줄게Love is CosmicI’m riding on your rhythmThrough the solar systemCome with me우린 이 밤을 건너 둘이Cosmic loveRiding your rhythmThrough the solar system널 더 알고 싶어Cosmic love이런 감정 처음이라곰곰이 생각해 봐도 물음표야낯선 이 소동도너에게도 내가 낯설지외계인 보듯 보던 걸상처받을 수도 있어내 별의 시간은 천천히 흘러가넌 서두르지 않아도 돼(When the stars align)어쩜 우린 주인 없는꿈을 찾는 여행자헤매이던 작은 유성조금 더 머무르면 어때?나의 별이 조금 외롭대아껴둔 노래를 들려줄게Love is CosmicI’m riding on your rhythmThrough the solar systemCome with me우린 이 밤을 건너 둘이Cosmic love너는 성큼 다가와그을린 손 내밀며함께 떠나자 해보지 못한 것들 찾자 해I just can’t say goodnightI can never say goodnight‘Cause your love is CosmicI’m riding on your rhythmThrough the solar systemCome with me우린 이 밤을 건너 둘이Cosmic love오늘 밤 떠나숨겨진 별 찾아이름 붙일 거야Cosmic loveRiding your rhythm(이 밤을 타고)Through the solar system널 더 알고 싶어Cosmic love oh yeah"
From,PLAVE,ASTERUM : 134-1,2024.02.26,발라드,"총건수
											0","How are you doing?괜찮은 건지사소한 감정들에 지쳐 보여Somebody help me그 시간들이 지나서네게 비춰진 지금의 나두려웠던 나의 계절It was me, I didn't recognize myself잠들지 못한 그날잠들 수 없던 그 밤무너질 수 없었던 일어서야만 했던Fogginess, Broken heartBut I've dreamed all day alwaysLove youFrom your best friend여기Rain is falling여전히 난 이곳에 서 있어Somebody help me그토록 바랬던 그 사람은 나, 너란 걸찬란했던 나의 계절It was me, I didn't recognize myself잠들지 못한 그날잠들 수 없던 그 밤무너질 수 없었던 일어서야만 했던Fogginess, Broken heartBut I've dreamed all day alwaysLove youFrom your best friend잠들지 못한 그날잠들 수 없던 그 밤무너질 수 없었던 일어서야만 했던Fogginess, Broken heartBut I've dreamed all day alwaysLove youFrom your best friend"
삐그덕 (Walk),NCT 127,WALK - The 6th Album,2024.07.15,댄스,"총건수
											0","Woah woah woah woah woah we on난 삐그덕 삐그덕걸음걸이 고장 나 버린 듯이 WalkDon't care bout’ a thang난 내 기분대로 Walk걸음걸이 고장 난 듯이 삐그덕누가 봐도나처럼 난 걷지On the beat박자에 맞게미끄러져 걸음이좌우로 흔들리지난 메트로놈의 침늘 여유롭지원래 내 일이 Chill눈길을 끌지내가 그 원인Get out my way yuhCuz I’ll be bussin’문제는 다 Pass pass다 털어내 먼지굳이 시간 쓰지 않지 난난 시선을 뺏어I see you crushin’나는 좀 바뻐난 Wall to wall여유가 뱄어언제든 난 Step in떠나보낸 Good good good good night난 삐그덕 삐그덕걸음걸이 고장 나 버린 듯이 WalkDon't care bout’ a thang난 내 기분대로 Walk걸음걸이 고장 난 듯이 삐그덕난 삐그덕 삐그덕걸음걸이 고장 나 버린 듯이 WalkDon't care bout’ a thang난 내 기분대로 Walk걸음걸이 고장 난 듯이 삐그덕내버려둬 I just can not stop모든 문을 두드리지 Knock knock쏟아지는 빛, 익숙해져 난 (For real)내 두 손에 쏟아지는 Like like여름에도 떠는 Phone고장 나 버려 난 삐용 삐용비켜 내 앞에 끼지 말아 위험 위험빨리비켜봐 On my way좀 더 삐걱대게Do ma dance do ma dance걸음마저 Step step눈길을 끌지내가 그 원인Get out my way yuhCuz I’ll be bussin’문제는 다 Pass pass다 털어내 먼지굳이 시간 쓰지 않지 난난 시선을 뺏어I see you crushin’매겨 난 백 점상을 줘 넌여유가 뱄어언제든 난 Step in떠나보낸Good good good good night난 삐그덕 삐그덕걸음걸이 고장 나 버린 듯이 WalkDon't care bout’ a thang난 내 기분대로 Walk걸음걸이 고장 난 듯이 삐그덕난 삐그덕 삐그덕걸음걸이 고장 나 버린 듯이 WalkDon't care bout’ a thang난 내 기분대로 Walk걸음걸이 고장 난 듯이 삐그덕걸어 Woah woah walkwalk walk 걸어 Walk걸어 Walk walk걸어 Walk you know I더 다르게 더 걸어 걸어 Walk발바닥이 더 뜨거워 더 뜨거워누가 뭐라던 난 이대로 Walk난 이대로 Walk 내 길은 매끄러워난 만들어내 Noise내 이름을 불러대No Matter where I go모두 원해 Once again yeah더 반응해 Woah다 반응해 Woah내 걸음이 더 뜨거워져 뜨거워난 삐그덕 삐그덕걸음걸이 고장 나 버린 듯이 WalkDon't care bout’ a thang난 내 기분대로 Walk걸음걸이 고장 난 듯이 삐그덕난 삐그덕 삐그덕걸음걸이 고장 나 버린 듯이 WalkDon't care bout’ a thang난 내 기분대로 Walk걸음걸이 고장 난 듯이 삐그덕(걸어 Walk)Ay get get out my way부딪히다간 삐끗해Ay get get off my lane깜짝할 새 앞지르네Ay get get out my way부딪히다간 삐끗해Ay get get off my lane깜짝할 새 앞지르네걸어 Woah woah walkwalk walk 걸어 Walk걸어 Walk walk 걸어 Walkyou know Iwalk walk 걸어 WalkYa heard"
주저하는 연인들을 위해,잔나비,전설,2019.03.13,"인디음악, 록/메탈","총건수
											0",나는 읽기 쉬운 마음이야당신도 스윽 훑고 가셔요달랠 길 없는 외로운 마음 있지머물다 가셔요 음내게 긴 여운을 남겨줘요사랑을 사랑을 해줘요할 수 있다면 그럴 수만 있다면새하얀 빛으로 그댈 비춰 줄게요그러다 밤이 찾아오면우리 둘만의 비밀을 새겨요추억할 그 밤 위에 갈피를 꽂고선  남몰래 펼쳐보아요나의 자라나는 마음을못 본 채 꺾어 버릴 순 없네미련 남길바엔 그리워 아픈 게 나아서둘러 안겨본 그 품은 따스할 테니그러다 밤이 찾아오면우리 둘만의 비밀을 새겨요추억할 그 밤 위에 갈피를 꽂고선  남몰래 펼쳐보아요언젠가 또 그날이 온대도우린 서둘러 뒤돌지 말아요마주보던 그대로 뒷걸음치면서서로의 안녕을 보아요피고 지는 마음을 알아요다시 돌아온 계절도난 한 동안 새 활짝 피었다 질래또 한번 영원히그럼에도 내 사랑은또 같은 꿈을 꾸고그럼에도 꾸던 꿈을난 또 미루진 않을거야
그랬나봐,유회승 (엔플라잉),선재 업고 튀어 OST Part 6,2024.05.06,"발라드, 국내드라마","총건수
											0",많은 친구 모인 밤 그 속에서 늘 있던 자리에니가 가끔 보이질 않을 때내가 좋아했던 너의 향길 맡으며혹시 니가 아닐까 고갤 돌려 널 찾을 때우연히 너의 동넬 지나갈때면어느새 니 얼굴 자꾸 떠오를 때그랬나봐 나 널 좋아하나봐하루하루 니 생각만 나는걸널 보고 싶다고 잘할 수 있다고용기내 전활걸고 싶었는데그게 잘 안돼 바보처럼우연히 너의 메일을 알게되면서모니터 앞에 널 밤새 기다릴때그랬나봐 나 널 좋아하나봐하루하루 니 생각만 나는걸널 보고 싶다고 잘할 수 있다고용기내 전활걸고 싶었는데 그게 잘 안돼말하지 못한 막막함을 너는 알고 있을까오랫동안 기다려온 사랑 내 앞에 숨쉬고 있는걸그랬나봐 나 널 좋아하나봐하루하루 니 생각만 나는걸널 보고 싶다고 잘할 수 있다고용기내 전활걸고 싶었는데 그게 잘 안돼넌 언제나 나를 꿈꾸게 하지지금보다 더 좋은 남자 되고 싶다고널 만나러 가는 이 시간 난 연습해그토록 오랜시간 가슴속에 숨겨왔던 말사랑해
OMG,NewJeans,NewJeans 'OMG',2023.01.02,댄스,"총건수
											0","이 노래는 it’s about you babyOnly youYou you youYou you you you내가 힘들 때울 것 같을 때기운도 이젠나지 않을 때It’s you 날 걱정하네It’s you 날 웃게하네말 안 해도 돼Boy what do you say(They keep on asking me, ""who is he?"") 멀리든 언제든지 달려와(They keep on asking me, ""who is he?"") 바쁜 척도 없이 넌 나타나(They keep on asking me, ""who is he?"") 이게 말이 되니 난 물어봐(They keep on asking me, ""who is he?"") 너는 말야He’s the one that’s living in my system babyOh my oh my God예상했어 나I was really hopingThat he will come throughOh my oh my God단 너뿐이야Asking all the time about what I should doNo I can never let him go너만 생각나 24난 행운아야 정말로 I know, I know널 알기 전까지는 나의미 없었어 전부 다내 맘이 끝이 없는 걸 I know, I knowI’m going crazy right?어디서든몇 번이든There ain’t nothing else that I would hold on toI hear his voiceThrough all the noise잠시라도 내 손 놓지 마 no, no걱정 없잖아‘Cause I got someone혼자라도 괜찮아‘Cause I love someone(They keep on asking me, ""who is he?"") 멀리든 언제든지 달려와(They keep on asking me, ""who is he?"") 바쁜 척도 없이 넌 나타나(They keep on asking me, ""who is he?"") 이게 말이 되니 난 물어봐(They keep on asking me, ""who is he?"") 너는 말야He’s the one that’s living in my system babyOh my oh my God예상했어 나I was really hopingThat he will come throughOh my oh my God단 너뿐이야Asking all the time about what I should doNo I can never let him go너만 생각나 24난 행운아야 정말로 I know, I know널 알기 전까지는 나의미 없었어 전부 다내 맘이 끝이 없는 걸 I know, I know너와 나My heart is glowingIt’s glowing up너랑만 있으면 무서울 게 없어가득 메워진, 다 메워진 (붉어진)My heart is glowing, it’d be glowing‘Cause heOh my oh my God예상했어 나I was really hopingThat he will come throughOh my oh my God단 너뿐이야Asking all the time about what I should doNo I can never let him goHe’s right there for me 24난 행운아야 정말로 I know, I know널 알기 전까지는 나의미 없었어 전부 다어떡해My heart is glowing, it’s glowingMy heart is glowing upSo I can’t sleep at night"
Love Lee,AKMU (악뮤),Love Lee,2023.08.21,댄스,"총건수
											0",You know내 스타일이 아닌 음악을 들어도You know좋아하지 않는 음식을 먹어도우산 없이 비가 와 홀딱 다 젖어도 좋아I love it because I love you우리 관계 디비디비딥매일 봐도 처음같이 비기비기닝춤추고 싶어 빌리빌리진우리 앞 우리 옆 시기시기질투자유로운 날갯짓 훨훨훨꽃송이가 나를 삼킬 걸알면서 난 뛰어들었어 Jump j-j-jump jump jump jumpSo lovely day so lovelyErrday with you so lovelyDu durudu durudu du duruduSpell L.o.v.e.L.e.e이름만 불러도 you can feel me눈빛만 봐도 알면서 my loveYou know아끼는 옷에 coffee를 쏟아도You know내가 준 목걸이를 잃어버려도한 번 더 같은 것 사준 걸 다시 또 잃어도 좋아I don't care I just care about you여기 어때 how you like that다 퍼주고 될게 빈털터리Jubilate 박수갈채안 반하고 누가 배겨 love sick비타민 U가 필요해만들어줘 샛노랗게체크무늬 벌집 두 눈에Honey help honey helpSo lovely day so lovelyErrday with you so lovelyDu durudu durudu du duruduSpell L.o.v.e.L.e.e이름만 불러도 you can feel me눈빛만 봐도 알면서 my love누구 사랑 먹고 그리 이쁘게 컸니Mommy or your daddy or them bothLovey-dovey things 너의 곁에 everydayGood morning good night너의 이름 부를 때So lovely day so lovelyErrday with you so lovelyDu durudu durudu du duruduSpell L.o.v.e.L.e.e이름만 불러도 you can feel me눈빛만 봐도 알면서 my love
Watch Me Woo!,PLAVE,ASTERUM : 134-1,2024.02.26,록/메탈,"총건수
											0","I got stuck in roulette돌아가는 문제 속 헤매고 있어We wanna touch the moon도달할 수 없다는 건 참 어리석었지Watch Me Woo!Watch Me Woo!You know I know AhWatch Me Woo!Watch Me Woo!You know I know Ah세상은 다 거짓말가면에 숨긴 Red eyesAll I can say is, FreedomVida PreciosaLivin’ La Vida Loca의미 없단 건 결국 없다고 Yeah너도 알고 있잖아그 속 안에 진실과마주치는 순간 You'll be alrightWatch Me Woo!Watch Me Woo!You know I know AhWatch Me Woo!Watch Me Woo!You know I know AhGold's getting biggerGold on my neckShining 24/7, They call me madGold's getting biggerGold on my neckShining 24/7, They call me mad1 hunnit, 白이던 100이건 상관없이 I get it all원하면 다 이뤄나가 Why so serious?God damn, 시간은 금 흘린 땀방울 뒤엔 우린 고급 지게 놀아 Play, 부Watch Me Woo!Watch Me Woo!You know I know AhWatch Me Woo!Watch Me Woo!You know I know Ah"
Perfect Night,LE SSERAFIM (르세라핌),Perfect Night,2023.10.27,댄스,"총건수
											0","Me and my girliesWe gon party til its earlyGot me feeling otherworldly tonightCaught in some trafficBut the radio is blastingDrop a red light and we’ll sing it goodbyeOohBy the morning, feel like magicI got all I need you know nothing else can beatThe way that I feel when I’m dancing with my girlsPerfect energy yeah we flawless yeah we freeThere’s no better feeling in the whole wide worldTonightI don’t care what’s wrong or rightDon’t start blowing up my lineI’d care at 11:59But nothing counts after midnightCome and take a ride with meI got a credit card and some good companySome come throughMake the fit real goodWhy you still stuck on loadingWaiting on you babeOohNight to morning, live slow motionI got all I need you know nothing else can beatThe way that I feel when I’m dancing with my girlsPerfect energy yeah we flawless yeah we freeThere’s no better feeling in the whole wide worldTonightI don’t care what’s wrong or rightDon’t start blowing up my lineI’d care at 11:59But nothing counts after midnightOohBy the morning, feel like magicI got all I need you know nothing else can beatThe way that I feel when I’m dancing with my girlsPerfect energy yeah we flawless yeah we freeThere’s no better feeling in the whole wide worldTonightI don't care what’s wrong or rightDon’t start blowing up my lineI’d care at 11:59Don’t start blowing up my line"
봄날,방탄소년단,YOU NEVER WALK ALONE,2017.02.13,랩/힙합,"총건수
											0",보고 싶다이렇게 말하니까 더 보고 싶다너희 사진을 보고 있어도보고 싶다너무 야속한 시간나는 우리가 밉다이젠 얼굴 한번 보는 것 조차힘들어진 우리가여긴 온통 겨울 뿐이야8월에도 겨울이 와마음은 시간을 달려가네홀로 남은 설국열차니 손 잡고 지구 반대편까지 가겨울을 끝내고파그리움들이 얼마나눈처럼 내려야 그 봄날이 올까Friend허공을 떠도는작은 먼지처럼 작은 먼지처럼날리는 눈이 나라면조금 더 빨리네게 닿을 수 있을 텐데눈꽃이 떨어져요또 조금씩 멀어져요보고 싶다 보고 싶다보고 싶다 보고 싶다얼마나 기다려야또 몇 밤을 더 새워야널 보게 될까 널 보게 될까만나게 될까 만나게 될까추운 겨울 끝을 지나다시 봄날이 올 때까지꽃 피울 때까지그곳에 좀 더 머물러줘 머물러줘니가 변한 건지니가 변한 건지아니면 내가 변한 건지내가 변한 건지이 순간 흐르는 시간조차 미워우리가 변한 거지 뭐모두가 그런 거지 뭐그래 밉다 니가 넌 떠났지만단 하루도 너를잊은 적이 없었지 난솔직히 보고 싶은데이만 너를 지울게그게 널 원망하기보단덜 아프니까시린 널 불어내 본다연기처럼 하얀 연기처럼말로는 지운다 해도사실 난 아직 널 보내지 못하는데눈꽃이 떨어져요또 조금씩 멀어져요보고 싶다 보고 싶다보고 싶다 보고 싶다얼마나 기다려야또 몇 밤을 더 새워야널 보게 될까 널 보게 될까만나게 될까 만나게 될까You know it allYou're my best friend아침은 다시 올 거야어떤 어둠도 어떤 계절도영원할 순 없으니까벚꽃이 피나봐요이 겨울도 끝이 나요보고 싶다 보고 싶다 보고 싶다 보고 싶다조금만 기다리면며칠 밤만 더 새우면만나러 갈게 만나러 갈게데리러 갈게 데리러 갈게추운 겨울 끝을 지나다시 봄날이 올 때까지꽃 피울 때까지그곳에 좀 더 머물러줘 머물러줘
사막에서 꽃을 피우듯,우디 (Woody),사막에서 꽃을 피우듯,2023.07.14,발라드,"총건수
											0",아침에 눈 뜨는 게 너무 행복해졌어 널 사랑한다 말할 수 있어서 하늘에 감사해 ⠀네 번의 계절을 너와 함께할게평생토록 더 오래도록 더 영원토록⠀음악처럼 꿈처럼 매일 새롭게 사랑을 주고 싶어 지금처럼 곁에 있어 주기를 언제나⠀사막에서 꽃을 피우듯 널 만난 건 기적인 걸설렘이 사라지더라도 이 사랑을 지켜줄게⠀허물없이 지내다가도힘든 날엔 말없이 기댈 수 있게언제나 네 곁에 내가 서 있을게 ⠀한 걸음 한 걸음 어둡지 않게 내가 널 비춰줄게지금처럼 곁에 있어 주면 돼 언제나⠀사막에서 꽃을 피우듯 널 만난 건 기적인 걸설렘이 사라지더라도 이 사랑을 지켜줄게⠀허물없이 지내다가도힘든 날엔 말없이 기댈 수 있게언제나 네 곁에 내가 서 있을게 ⠀너와 함께하는 이 시간이조금만 더 천천히 흘러가길⠀어떤 날엔 웃게 해 줄게좋은 날엔 더 안아줄게슬픈 날엔 그냥 울어도 돼내가 더 노력할게 ⠀허물없이 지내다가도 힘든 날엔 말없이 기댈 수 있게언제나 네 곁에 내가 서 있을게⠀언제나 네 곁에 있을게
MANIAC,VIVIZ (비비지),The 4th Mini Album 'VERSUS',2023.11.02,댄스,"총건수
											0",힘껏 내팽개친 Roses 말론 안 통하지 역시 어쩜 이리 안 변해인정 같은 소린 됐고이쯤에서 끝내 Let go 인내심도 Out of space얼룩지는 Red carpet 그렇게 또 Fade away치워줘 Scarred face 끝까지 신경 쓰여 HuhThis love is maniac maniac maniac But I can’t killin’ it killin’ it killin’ it사랑 말고 다른 말론 설명할 수 없는 멜로 It’s maniac maniac maniac자극적 이끌림 잔인해진 Orbit지겨운 Love-phobic yeah그래 솔직하자 넌 지금 즐긴 거야얼음처럼 날 선 말 부서질 듯 던져 막심장을 푹 찌르고 또 Melted완벽하게 Cliche 웃기지도 않는 꼴 갈피 없이 뒤집히는 Magnet 답이 없는 Zero-sum game 뭐가 문제였던 건데결국 또 미뤄진 End 이것도 재주야 PerfectThis love is maniac maniac maniac But I can’t killin’ it killin’ it killin’ it사랑 말고 다른 말론 설명할 수 없는 멜로 It’s maniac maniacCrystal처럼 조각난 Lighting 그 아래 선 우린 Living in a moment Bloody truth짓이겨져 물든 Rose 결국 벗어던진 Mask 말해 What you wanna do Woo woo ahThis love is maniac maniac maniacAnd I’m okay with it okay with it okay with it끝내 너와 나마저도 이해할 수 없는 멜로 It’s maniac maniac maniac 화려한 이 Tragic 이거 사랑 맞지영원할 Scenery yeah그래 솔직하자 우리는 즐긴 거야 Never everIt’s coming down It’s coming down It’s coming downManiac Yeah yeah woo woo woo
I Don't Think That I Like Her,Charlie Puth,CHARLIE,2022.10.07,POP,"총건수
											0","Get her name and get her numberFind out all of the thingsthat we have in commonNever all the differences,oh, yeahMeet her parents, meet her brotherThen she starts sleepin'over the crib on weekendsLike a real relationship, oh, noFor me, the stars are alignin'But for her, it's bad timin'So she just can't be mineI don't thinkthat I like her anymoreCause they're all the sameAll they wanna do is breakmy heart, my heart (Oh-oh)I don't thinkthat I like her anymoreCause they're all the sameThey just wanna see mefall apart, apart (Oh-oh)So I hook up on a reboundAnd I say that I'm gonna besingle for lifeBut she's so prettyand nice (Pretty and nice)So I made just one exceptionBut I find out eventuallyI'm not her typeBaby, that's the reason why, thatFor me, the stars are alignin'But for her, it's bad timin'So she just can't be mineI don't thinkthat I like her anymore (Yeah)Cause they're all the sameAll they wanna do is breakmy heart, my heart (Oh-oh)I don't thinkthat I like her anymore (No)Cause they're all the sameThey just wanna see mefall apart, apart (Oh-oh)I'm trying not to be bitterBut damn it, I miss her'Cause she's one of a kindFor me, the stars are alignin'But for her, it's bad timin'So she just can't be mineI don't thinkthat I like her anymoreCause they're all the sameAll they wanna do is breakmy heart, my heart (Oh-oh)I don't thinkthat I like her anymoreCause they're all the sameThey just wanna see mefall apart, apart (Oh-oh)Then we fall,we fall, fall, fall apart nowI don't thinkthat I like her anymoreCause they're all the sameThey just wanna see mefall apart, apart (Oh-oh)"
네가 내 마음에 자리 잡았다 (Into You),엔플라잉 (N.Flying),네가 내 마음에 자리 잡았다,2024.06.25,록/메탈,"총건수
											0",어느 날 기적처럼 스며들었다메말랐던 내 삶의 의미가 됐다시원한 바람처럼 내게 불어와네가 내 마음에 자리 잡았다Wake up in the morning 오늘 너무 향긋해평소보다 좀 들뜨기도 해 (Hello)온종일 머릿속에는 너로 가득해I know (You know)일상 불가해 내 마음 다 줄래어느 날 기적처럼 스며들었다메말랐던 내 삶의 의미가 됐다시원한 바람처럼 내게 불어와네가 내 마음에 자리 잡았다내 마음 다 줄래널 향한 내 가슴이 터져 내릴 때네가 내 마음에 자리 잡았다Thinking all day 가끔은 어색해난 정말 솔직한데네 앞에 설 때 내 반응은 어때?너밖에 못 보는 건데 “내가 그렇게 좋아?” 하면 넌 재밌나 봐바보 같으면 어때 널 안아 줄래어느 날 기적처럼 스며들었다메말랐던 내 삶의 의미가 됐다시원한 바람처럼 내게 불어와네가 내 마음에 자리 잡았다내 마음 다 줄래널 향한 내 가슴이 터져 내릴 때네가 내 마음에 자리 잡았다어느새 마음에네가 내 마음에 자리 잡았다
"어떻게 이별까지 사랑하겠어, 널 사랑하는 거지",AKMU (악뮤),항해,2019.09.25,발라드,"총건수
											0",일부러 몇 발자국 물러나내가 없이 혼자 걷는 널 바라본다옆자리 허전한 너의 풍경흑백 거리 가운데 넌 뒤돌아본다그때 알게 되었어난 널 떠날 수 없단 걸우리 사이에 그 어떤 힘든 일도이별보단 버틸 수 있는 것들이었죠어떻게 이별까지 사랑하겠어널 사랑하는 거지사랑이라는 이유로서로를 포기하고찢어질 것같이 아파할 수 없어 난두세 번 더 길을 돌아갈까적막 짙은 도로 위에 걸음을 포갠다아무 말 없는 대화 나누며주마등이 길을 비춘 먼 곳을 본다그때 알게 되었어난 더 갈 수 없단 걸한 발 한 발 이별에 가까워질수록너와 맞잡은 손이 사라지는 것 같죠어떻게 이별까지 사랑하겠어널 사랑하는 거지사랑이라는 이유로서로를 포기하고찢어질 것같이 아파할 수 없어 난어떻게 내가 어떻게 너를이후에 우리 바다처럼 깊은 사랑이다 마를 때까지기다리는 게 이별일 텐데어떻게 내가 어떻게 너를이후에 우리 바다처럼 깊은 사랑이다 마를 때까지기다리는 게 이별일 텐데
"모든 날, 모든 순간 (Every day, Every Moment)",폴킴,'키스 먼저 할까요?' OST Part.3,2018.03.20,"발라드, 국내드라마","총건수
											0",네가 없이 웃을 수 있을까생각만 해도 눈물이나힘든 시간 날 지켜준 사람이제는 내가 그댈 지킬 테니너의 품은 항상 따뜻했어고단했던 나의 하루에유일한 휴식처나는 너 하나로 충분해긴 말 안 해도 눈빛으로 다 아니깐한 송이의 꽃이 피고 지는모든 날 모든 순간 함께해햇살처럼 빛나고 있었지나를 보는 네 눈빛은꿈이라고 해도 좋을 만큼그 모든 순간은 눈부셨다불안했던 나의 고된 삶에한줄기 빛처럼 다가와날 웃게 해준 너나는 너 하나로 충분해긴 말 안 해도 눈빛으로 다 아니깐한 송이의 꽃이 피고 지는모든 날 모든 순간 함께해알 수 없는 미래지만네 품속에 있는 지금 순간 순간이영원 했으면 해갈게 바람이 좋은 날에햇살 눈부신 어떤 날에 너에게로처음 내게 왔던 그날처럼모든 날 모든 순간 함께해
버추얼 아이돌,PLAVE,ASTERUM : 134-1,2024.02.26,랩/힙합,"총건수
											0",아 매워 뭐가요?맵다고 뭐가요?어 매운 거? 라쓰고?그런 거 말고우리가 맵다은호야 가자 네 형님어디 갈까 고민하지 마누가 뭐래도 난 충분하니까있잖아 진짜로 하나도 부럽지가 않아Billie jean is not my lover타격 없어 떠들어 더내 스타일은 한 귀로 듣고 흘렸어죄송해요 귀엽게 봐주세요버추얼 아이돌우린 PLAVE난 삐뚤 빼뚤 (삐뚤 빼뚤)안 비슷 비슷해 (기특 기특해)난 삐걱 삐걱 (삐걱 거려)안 비겁 비겁해Shake it 흔들어Hater 들은 그냥 가세요키득 키득지긋 지긋난 삐뚤 빼뚤 (삐뚤 빼뚤)안 비슷 비슷해 (기특 기특해)난 삐걱 삐걱거릴수록 다들 좋아해 (닥터)Shake it 흔들어Hater 들은 그냥 가세요키득 키득해지긋 지긋해 Hey yeah너 부정하지 마 (할 수 있잖아)내 생각이 나잖아 (뭐야 왜 저래?)논중화물이야 난PLAVE 날아가는 모양라쓰고이름이 뭐냐고 물어보게 돼 넌 결국엔 입덕파란색 노란색 분홍색 실버색 검은색궁금해서 못 참을 거야 분명버추얼 아이돌우린 PLAVE난 삐뚤 빼뚤 (삐뚤 빼뚤)안 비슷 비슷해 (기특 기특해)난 삐걱 삐걱 (아이고)안 비겁 비겁해Shake it 흔들어Hater 들은 그냥 가세요키득 키득지긋 지긋난 삐뚤 빼뚤 (삐뚤 빼뚤)안 비슷 비슷해 (기특 기특해)난 삐걱 삐걱거릴수록 다들 좋아해 (뚝스)Shake it 흔들어Hater 들은 그냥 가세요키득 키득해지긋 지긋해 Hey yeah인사드리겠습니다잘 부탁드립니다자주 뵙고 싶습니다예쁘게 봐주세요 (예쁘게 봐달라니까?)인사드리겠습니다잘 부탁드립니다자주 뵙고 싶습니다예쁘게 봐주세요 난 삐뚤 빼뚤 안 비슷 비슷해난 삐걱 삐걱안 비겁 비겁해Shake it 흔들어Hater 들은 그냥 가세요여러분 대박입니다
다정히 내 이름을 부르면,경서예지,다정히 내 이름을 부르면 (경서예지 x 전건호),2021.05.19,발라드,"총건수
											0",끝없이 별빛이 내리던 밤기분 좋은 바람이두 뺨을 스치고 새벽 바다 한곳을 보는아름다운 너와 나그림을 그려갔어모래 위 떨린 손끝으로날 향해 웃어주는 입술끝 모양과 저 달보다사랑스러운 두 눈을 가진 네가다정히 내 이름을부르면 내 마음이녹아내려 언제나나 하날 위해 준비된선물 같아 널 안으면잠들지 않는 바다 위를너와 함께 걷는 거 같아하늘 아래 너와 나남은 내 모든 날을 너에게다 줘도 안 아까워이제서야 내가사랑에 눈을 뜬 건 가봐경험하지 못했고믿기지 않는 일만일어나고 있는 거 아니5월에 피는 봄꽃 처럼내 사랑도 피어나부는 바람에 살며시 실어 보내다정히 내 이름을부르면 내 마음이녹아내려 언제나나 하날 위해 준비된선물 같아 널 안으면잠들지 않는 바다 위를너와 함께 걷는 거 같아하늘 아래 너와 나설레는 지금이꿈이 아닌 걸 알잖아난 더 바랄 게 없어먼 훗날 내 생애아주 작은 소리로귓가에 말할 거야내 곁에 머물러줘서마음 다해 고맙다고어떤 말로도 표현 못 할내 인생의 전부였다고이 순간 너를 꼭 안고고백할게 언제나우리 모든 날들과별빛 아래 우리 그림자제일로 특별하다고길고 긴 겨울 끝을 지나너의 앞에 서있는 지금선명한 목소리로널 사랑한다고말할게
MAESTRO,세븐틴 (SEVENTEEN),SEVENTEEN BEST ALBUM ‘17 IS RIGHT HERE',2024.04.29,댄스,"총건수
											0",SEVENTEEN Right here시작하자 Tuning 맞춰볼까하나의 음정 기준에 맞춰 Play it SEVENTEEN의 스케르초아무래도 조금 특이해도 북을 치고 줄을 튕겨DAT DA RA DAT DA RA DAT DA RA DA상관없지 이게 Classic or new thang또 새로운 조합은 우리 자랑이니까Beat부터 Melody까지Mix and match가 특기니까미쳐야만 정상이 돼세상을 바꾸는 우리니까뜨거운 함성 두 배로 서로를 바라본 채로나팔을 울려 세계로 You & I You & IAccelerando절정으로 올라가자높은 곳에서 울리는 소나타마에스트로의 지휘에 맞춰LALA LALA LALA LALALALALA LALA LALA LALALALALA LALA LALA LALALA마에스트로의 지휘에 맞춰Good vibe 잃지 않고 가 절대Good life 우리는 세계로Good vibe 잃지 않고 가 절대마에스트로의 지휘에 맞춰리듬을 바꿨다 이렇게Techno와 조합해 뭐든지 가능해주문해 만들어 드릴게이 작품의 완성을 함께할 때비로소 하나 되는 우릴 보네복잡한 음정과 리듬에서도I’ll always be with youAccelerando절정으로 올라가자높은 곳에서 울리는 소나타마에스트로의 지휘에 맞춰LALA LALA LALA LALALALALA LALA LALA LALALALALA LALA LALA LALALA마에스트로의 지휘에 맞춰Good vibe 잃지 않고 가 절대Good life 우리는 세계로Good vibe 잃지 않고 가 절대마에스트로의 지휘에 맞춰리듬은 DAT DA DA RAT DABrass는 BA BA BA RAM BA조화로운 우리 서로를 봐더 세게 몰아쳐 점점 더 Crescendo마지막 악장에 템포는 A Tempo마에스트로의 지휘에 맞춰마에스트로의 지휘에 맞춰LALA LALA LALA LALALAGood vibe 잃지 않고 가 절대LALA LALA LALA LALALAGood life 우리는 세계로LALA LALA LALA LALALAGood vibe 잃지 않고 가 절대마에스트로의 지휘에 맞춰
Midas Touch,KISS OF LIFE,Midas Touch,2024.04.03,댄스,"총건수
											0","Baby, count 10 That’s all I need단숨에 빠져들어(Can’t go back, can’t go back)Tick-tack, ain’t got no time턱 끝을 겨누는 Love(Eat your love, eat your love) Hey baby, I’ve been watching널 풀어헤친 달콤한 이 Danger (Danger)(Baby, I’ve been watching, boy)Hey baby, I’m so toxic위험할수록 재밌잖아 It’s alright (Alright)(Baby, I’ve been watching, boy)온몸이 원해 넌 나뿐인아찔한 Lovesick 밤새 날 앓게 돼I warned you with a single touch, boy도망쳐봐 어차피 날 벗어날 수 없어When I touch ya, kiss yaYou’re gon realize(Baby, don’t you think too much)Boy, if I touch ya, kiss yaWatch out 순간 변해버린 눈빛You see, I got that Midas touchI really wanna stay all day with youYou know what we’ll be going through?찾아봐 떨리는 이유몸부림칠수록 Gettin’ deeper손짓 한 번으로 Makin' you weaker and weakerHey baby, I’m so toxic위험할수록 재밌잖아 It’s alright (Alright)(You will end up in my hands my love)온몸이 원해 넌 나뿐인아찔한 Lovesick 밤새 날 앓게 돼I warned you with a single touch, boy도망쳐봐 어차피 날 벗어날 수 없어When I touch ya, kiss yaYou’re gon realize(Baby, don’t you think too much)Boy, if I touch ya, kiss yaWatch out 순간 변해버린 눈빛You see, I got that Midas touch(Brace! Brace!)Ain’t gotta sugarcoat me 생각과는 다를 걸(Brace! Brace!)My love’s a game, I play with it 너도 원한다면(Brace! Brace!)Looking like a kitty cat but 아무도 감당 못 해Once the countdown’s done You’re never gonna move, yeahWhen I touch ya, kiss yaYou’re gon realize(Baby, don’t you think too much)Boy, if I touch ya, kiss yaWatch out 순간 변해버린 눈빛You see, I got that Midas touch내게 빠져드는 손짓You see, I got that Midas touch"
꿈,태연 (TAEYEON),웰컴투 삼달리 OST Part.3,2023.12.17,"발라드, 국내드라마","총건수
											0",화려한 도시를그리며 찾아왔네그곳은 춥고도 험한 곳여기저기 헤매다초라한 문턱에서뜨거운 눈물을 먹는다머나먼 길을 찾아 여기에꿈을 찾아 여기에괴롭고도 험한 이 길을 왔는데이 세상 어디가 숲인지어디가 늪인지그 누구도 말을 않네사람들은 저마다고향을 찾아가네나는 지금 홀로 남아서빌딩 속을 헤매다초라한 골목에서뜨거운 눈물을 먹는다저기 저 별은 나의 마음 알까나의 꿈을 알까괴로울 땐 슬픈 노래를 부른다슬퍼질 땐 차라리 나 홀로눈을 감고 싶어고향의 향기 들으면서저기 저 별은 나의 마음 알까나의 꿈을 알까괴로울 땐 슬픈 노래를 부른다이 세상 어디가 숲인지어디가 늪인지그 누구도 말을 않네슬퍼질 땐 차라리 나 홀로눈을 감고 싶어고향의 향기 들으면서고향의 향기 들으면서
취중고백,김민석,취중고백,2021.12.19,발라드,"총건수
											0",뭐하고 있었니 늦었지만잠시 나올래너의 집 골목에 있는놀이터에 앉아 있어친구들 만나서 오랜만에술을 좀 했는데자꾸만 니 얼굴 떠올라무작정 달려왔어이 맘 모르겠니요즘 난 미친 사람처럼너만 생각해대책없이 네가 점점 좋아져아냐 안 취했어 진짜야널 정말 사랑해눈물이 날만큼 원하고 있어정말로 몰랐니가끔 전화해 장난치듯주말엔 뭐할거냐며너의 관심 끌던 나를그리고 한번씩 누나 주려 샀는데너 그냥 준다고생색 낸 선물도 너 때문에 산거야이 맘 모르겠니요즘 난 미친 사람처럼너만 생각해대책없이 네가 점점 좋아져아냐 안 취했어 진짜야널 정말 사랑해진심이야 믿어줘갑자기 이런 말 놀랐다면 미안해부담이 되는게 당연해이해해 널하지만 내 고백도 이해해 주겠니 oh지금 당장 대답하진마나와 일주일만 사귀어줄래후회없이 잘 해주고 싶은데그 후에도 니가 싫다면나 그때 포기할게귀찮게 안할게 혼자 아플게진심이야 너를 사랑하고 있어
Lucky Girl Syndrome,아일릿(ILLIT),SUPER REAL ME,2024.03.25,댄스,"총건수
											0",완벽한 날씨딱 맞는 playlist오늘의 selfieI say I’m lucky 세상은 chocolate삼키자 so sweet긍정의 치트키Lucky girl syndrome oh I don’t need I don’t need I don’t need어떤 golden ticket도All I need all I need all I need 내 자신을 믿는 것 Finally finally finally다 이뤄질 거야매일 주문을 외워      Yeah luckYeah I’m a lucky girlYeah you’re a lucky girlYeah we’re so luckyLuck luck luck luckLuck 주문을 걸어 luck 난 정말 lucky girl넌 정말 lucky girl girl girl girl 찍어봐 breakfast 선택은 best choice도착한 crossroad 신호는 green light 마주친 눈에 터진 웃음에붙여봐 hashtag#lucky_girl_syndrome oh 설렘이 설렘이 설렘이계속 차오르는 걸I believe I believe I believe이뤄져 믿는 대로Finally finally finally넌 이유를 아니? (why?)Together you and meYeah luckYeah I’m a lucky girlYeah you’re a lucky girlYeah we’re so luckyLuck luck luck luckLuck 주문을 걸어 luck 난 정말 lucky girl넌 정말 lucky girl girl girl girl  Oh my girl주문을 걸어 sayThat’s my girlLucky girl syndrome Oh my girl주문을 걸어 sayThat’s my girlLucky girl syndrome Yeah I’m a lucky girl
봄눈,10CM,선재 업고 튀어 OST Part 8,2024.05.14,"발라드, 국내드라마","총건수
											0",가려진 오랜 시간이우리를 다시 불러와어느 곳에 있어도그 끝은 항상 너인걸Cause I’m falling slowly love with you오랫동안 기다려온너는 봄이야 Cause I’m falling slowly love with you다시 지워진다 해도All my life is you 너라는 이야기 속에다시 또 꿈을 꾸는 나어떤 순간이 와도난 너를 찾아 갈거야 Cause I’m falling slowly love with you오랫동안 기다려온너는 봄이야 Cause I’m falling slowly love with you다시 지워진다 해도All my life is you 꽃잎 날리던 하얀 길위에행복했던 너와 나다시 만날 수 있다면 Cause I’m falling slowly love with you오랫동안 기다려온너는 봄이야 Cause I’m falling slowly love with you다시 지워진다 해도All my life is you
Right Now,NewJeans,Supernatural,2024.06.21,J-POP,"총건수
											0","In no mood to find another  曖昧な関係のまま さあ ⾒つけにいくだけよ Right now, right now Baby I don’t  Care about the other summer 지금 내가 필요한 건 もう待てないI wanna hear it right now, right now Baby I don’t Hey ⾔いたいなら⾔ってよもう私壊れそう 더 늦지 말고 come my way, my way Cuz it all depends  On the right timingDon’t wanna close  The door behind me  君の声また 다가와봐 Right now, right now Baby I’m not In no mood to find another  曖昧な関係のまま さあ ⾒つけにいくだけよ Right now, right now Baby I don’t Care about the other summer  지금 내가 필요한 건 もう待てないI wanna hear it right now, right now Baby I don’t care I don’t care  I don’t care Right now, right nowBaby I don’t  Hey  チャンスは今ここに⼀⽣モノのSweet romance 얼른 잡아줘 Hold my hand, my hand  Cuz it all depends On the right timing Don’t wanna close The door behind me君の声 また다가와봐 Right now, right now Baby I’m not  In no mood to find another  曖昧な関係のまま さあ ⾒つけにいくだけよ Right now, right now Baby I don’t Care about the other summer  지금 내가 필요한 건 もう待てないI wanna hear it right now, right now Baby I don’t care I don’t care  I don’t care Right now, right now Baby I don’t"
Impossible,RIIZE,RIIZING - The 1st Mini Album,2024.04.18,댄스,"총건수
											0",Gimme that beatGot me flyin’in my dreams right now모두가 불가능해안 된다고 하지 왜Can’t losecan’t losecan’t loseIt’s impossible2 AM 2 AM 꿈속이 익숙한잠든 까만 밤에도I know you I know youYou know me 너 없인모든 게 Impossible한 걸음 걸음 나의 꿈에Movin’ on movin’ on가까워지는 너의 맘이To be strong to be strongGot me flyin’in my dreams right now모두가 불가능해안 된다고 하지 왜Can’t losecan’t losecan’t loseIt’s impossibleGot me dyin’to realize it now모두 너로 가능해넌 날 완성하게 해Without youwithout youwithout youIt's impossibleJust one more just one more열어줘 Let me know난 끝내 너의 맘을 Touchin’하나뿐인 나의 꿈이저 멀리 너에게 닿아크게 번져가는 Beatin’멈추지 않아 이미 우린Movin’ on movin’ on익숙해진 함께란 말이To be strong to be strongGot me flyin’in my dreams right now모두가 불가능해안 된다고 하지 왜Can’t losecan’t losecan’t loseIt’s impossibleGot me dyin’to realize it now모두 너로 가능해넌 날 완성하게 해Without youwithout youwithout youIt's impossibleGimme that beatIt's impossible
EASY,LE SSERAFIM (르세라핌),EASY,2024.02.19,랩/힙합,"총건수
											0","다친대도 길을 걸어 kiss me쉽지 않음 내가 쉽게 easyStage 위엔 불이 튀어, 내 bodyPull up and I rip it up like balletDamn, I really make it look easyYuh know that I make it look easyClap your hands, 너도 나와 같다면 clap your hands now의구심 따윈 그냥 치워, 그냥 말해 “I’m the real one”조명 꺼진 뒤의 난 wander in the nightDon’t know what is right, don’t know ‘bout my rights시기심, 의심, 불신, 이젠 friends of me, yuh세상에게 난 반쪽짜리 seraphim, yuhUhm I’ve been tryin’ so long to show you show you show you I’m the one that you need다친대도 길을 걸어 kiss me쉽지 않음 내가 쉽게 easyStage 위엔 불이 튀어, 내 bodyPull up and I rip it up like balletDamn, I really make it look easyYuh know that I make it look easyYah know that I make it look easy수면 위의 백조가 돼 whippin’때론 풀려, 나의 다리 but I keep itGet, set, go, come and see me, I’m the FEARLESS나의 발걸음은 매 순간 history, 이건 my way영웅처럼 걸어 even if I am not flawless편하게만 왔다고?날 몰라봤다면 you have to knowUhm I’ve been tryin’ so long to show you show you show you I’m the one that you need다친대도 길을 걸어 kiss me쉽지 않음 내가 쉽게 easyStage 위엔 불이 튀어, 내 bodyPull up and I rip it up like balletDamn, I really make it look easyYuh know that I make it look easy"
Siren,RIIZE,RIIZING - The 1st Mini Album,2024.04.03,댄스,"총건수
											0","Beat droppin’ low feelin’ up뒤섞여 봐 완전히 새로운 FlowReady or not순간 울려 대는 Siren우린 네 심장을 뒤흔드는 RockPull it back, that sirenPull it back, that sirenYeah back with a new generation닳아버린 운동화 다시 Lace up문을 박차고Let’s show the worldWe don't stop it연습실 불은 계속 켜있어See me see me달라진 조명의 LightsWarning 뜨거운 눈빛은 WildImma be the one눈앞에 펼쳐지는새로워진 SightBeat droppin’ low feelin’ up뒤섞여 봐 완전히 새로운 FlowReady or not순간 울려 대는 Siren우린 네 심장을 뒤흔드는 RockPull it back, that sirenPull it back, that siren서둘러 Hurry hurry다 모여봐 이리로We gonna fly high high자유롭게 더Pull it back, that sirenEenie meenie miney moe거침없이 한 걸음 더뻔하고 뻔한 흐름은 Say bye byePullin’ up nowwe gotta show them feel meLook at us go look at me go심장은 Fast 뜨거워 데임외쳐봐 너의 얘기를시작해 우린 준비돼 있어See me see me터지는 Colorful lightsWarning 모든 걸 보여줘 WildReady or not등장을 알리는 Siren siren우린 네 심장을 뒤흔드는 RockPull it back, that sirenPull it back, that siren서둘러 Hurry hurry다 모여봐 이리로We gonna fly high high자유롭게 더Pull it back, that sirenBeat droppin’ low feelin’ up뒤섞여 봐 완전히 새로운 FlowLet’s get it gowe won’t be stoppin’Pull it back, that sirenPull it back, that siren서둘러 Hurry hurry다 모여봐 이리로We gonna fly high high자유롭게 더Pull it back, that siren"
내가 그댈,하동균,내가 그댈,2024.06.23,R&B/Soul,"총건수
											0",Every time and every day다신 찾지 않아요난 알고 있었죠나를 떠나려고 준비해 왔단 걸 그대원망하진 않죠 이해할 수 있죠모자란 나인 걸알아요 그대 맘에 난 없죠그댈 채우기엔 나란 사람평범한 거죠그래요 이런 날이 온 거죠끝내 나 그대 맘에 들지 못한 건가요내가 그댈 놓아 볼게요다신 찾지 않아요우연히 그댈 보아도 모른 척 할게요이제 다른 사람 만나면이러지는 말아요이대론 그 누구도 사랑할 수 없어요그래요 그대 맘에 난 없죠또 다시 그댈 만날 거라 생각 안 해요내가 그댈 놓아 볼게요다신 찾지 않아요우연히 그댈 보아도 모른 척 할게요이제 다른 사람 만나면이러지는 말아요이대론 그 누구도 사랑할 수 없어요나 처음 그댈 만난 설렘이정말 정말 후회가 돼요Every time and every day그댈 사랑했어요아직도 난 그래요하지만 그댈 다시는 찾지 않을 테죠이제 다른 사람 만나면이러지는 말아요나는요 사랑할 수 없어요 이젠
Who,지민,MUSE,2024.07.19,댄스,"총건수
											0","We never met but she’s all I see at nightNever met but she’s always on my mindWanna give her the worldAnd so much moreWho is my heart waiting forIf every day I think about herYeah every day of my lifeThen tell me why I haven’t found her (Why why why why why) So many people to see (so many people to see)Places to go (so many places to go)We still haven’t found helloWe never met but she’s all I see at nightNever met but she’s always on my mindWanna give her the worldAnd so much moreWho is my heart waiting forI’ll take her places they ain’t found yetI’ll put it all on the lineI’ll be that someone she can count on1, 2, 3, 4, 5So many people to see (so many people to see)Places to go (so many places to go)We still haven’t found helloWe never met but she’s all I see at nightNever met but she’s always on my mindWanna give her the worldAnd so much moreWho is my heart waiting forIs she someone that I see every day?Is she somewhere a thousand miles away?Wanna give her the worldAnd so much moreWho is my heart waiting for(Who is my heart)Heart waiting for(Who is my heart)Heart waiting for(Who is my heart)Heart waiting for(Who is my)Who is my heart waiting forWe never met but she’s all I see at nightNever met but she’s always on my mindWanna give her the worldAnd so much moreWho is my heart waiting forIs she someone that I see every day?Is she somewhere a thousand miles away?Wanna give her the worldAnd so much moreWho is my heart waiting for"
